orgId	expName	expDesc	timeZeroSet	num	nMapped	nPastEnd	nGenic	nUsed	gMed	gMedt0	gMean	cor12	mad12	mad12c	mad12c_t0	opcor	adjcor	gccor	maxFit	expGroup	expDescLong	mutantLibrary	person	dateStarted	setName	seqindex	media	temperature	pH	vessel	aerobic	liquid	shaking	condition_1	units_1	concentration_1	condition_2	units_2	concentration_2	condition_3	units_3	concentration_3	condition_4	units_4	concentration_4	growthPlate	growthWells
pseudo5_N2C3_1	set13IT004	Carbon source Sucrose 10 mM	3-Aug-21 pseudo5_N2-C3_1_ML2_set13	335	2375105	14556	1397135	1393917	170	468	268.422299248989	0.177087421056361	0.221533756011255	0.942475663538881	0.934531670175848	0.122347837932752	0.0204332292990322	0.000599209962035369	2.63158537022872	carbon source	Carbon source Sucrose 10 mM	pseudo5_N2-C3_1_ML2a	Adam	3-Aug-21	pseudo5_N2-C3_1_ML2_set13	IT004	RCH2_defined_noCarbon	30	7	24-well transparent microplate; Multitron	Aerobic	Liquid	700 rpm	Sucrose	mM	10											
pseudo5_N2C3_1	set13IT005	Carbon source Sucrose 5 mM	3-Aug-21 pseudo5_N2-C3_1_ML2_set13	336	2236362	11816	1317767	1314765	165	468	253.180242634315	0.239771046580578	0.20026284236153	0.952095723003782	0.934531670175848	0.202814193548335	0.0826491136677632	0.00684215948753966	2.65913071449056	carbon source	Carbon source Sucrose 5 mM	pseudo5_N2-C3_1_ML2a	Adam	3-Aug-21	pseudo5_N2-C3_1_ML2_set13	IT005	RCH2_defined_noCarbon	30	7	24-well transparent microplate; Multitron	Aerobic	Liquid	700 rpm	Sucrose	mM	5											
pseudo5_N2C3_1	set13IT006	Carbon source Sucrose 2.5 mM	3-Aug-21 pseudo5_N2-C3_1_ML2_set13	337	2554034	14828	1501605	1498414	190	468	288.54496437512	0.198533464290045	0.201422598529379	0.958092867820373	0.934531670175848	0.204202074513706	0.0162307369083004	0.0123575276110767	1.61480478096437	carbon source	Carbon source Sucrose 2.5 mM	pseudo5_N2-C3_1_ML2a	Adam	3-Aug-21	pseudo5_N2-C3_1_ML2_set13	IT006	RCH2_defined_noCarbon	30	7	24-well transparent microplate; Multitron	Aerobic	Liquid	700 rpm	Sucrose	mM	2.5											
pseudo5_N2C3_1	set13IT007	Carbon source D-Mannitol 10 mM	3-Aug-21 pseudo5_N2-C3_1_ML2_set13	338	2378662	13402	1399993	1396391	174	468	268.898709801656	0.200592998535326	0.20557863793768	0.960423921214629	0.934531670175848	0.204698424103116	0.044636090828839	0.0176300722055451	1.55673347210913	carbon source	Carbon source D-Mannitol 10 mM	pseudo5_N2-C3_1_ML2a	Adam	3-Aug-21	pseudo5_N2-C3_1_ML2_set13	IT007	RCH2_defined_noCarbon	30	7	24-well transparent microplate; Multitron	Aerobic	Liquid	700 rpm	D-Mannitol	mM	10											
pseudo5_N2C3_1	set13IT008	Carbon source D-Mannitol 5 mM	3-Aug-21 pseudo5_N2-C3_1_ML2_set13	339	2138204	12843	1255031	1252519	157	468	241.193722318506	0.205787930532531	0.203260097167326	0.943382031024614	0.934531670175848	0.175782852248243	0.0616842001853218	0.0164512908657072	1.25262513869496	carbon source	Carbon source D-Mannitol 5 mM	pseudo5_N2-C3_1_ML2a	Adam	3-Aug-21	pseudo5_N2-C3_1_ML2_set13	IT008	RCH2_defined_noCarbon	30	7	24-well transparent microplate; Multitron	Aerobic	Liquid	700 rpm	D-Mannitol	mM	5											
pseudo5_N2C3_1	set13IT009	Carbon source D-Mannitol 2.5 mM	3-Aug-21 pseudo5_N2-C3_1_ML2_set13	340	2052966	11293	1208002	1205493	153	468	232.138070479492	0.157905478461446	0.222469875334378	0.946266867734307	0.934531670175848	0.115009682116864	0.0598549694229621	0.0249439412462987	1.54997105133921	carbon source	Carbon source D-Mannitol 2.5 mM	pseudo5_N2-C3_1_ML2a	Adam	3-Aug-21	pseudo5_N2-C3_1_ML2_set13	IT009	RCH2_defined_noCarbon	30	7	24-well transparent microplate; Multitron	Aerobic	Liquid	700 rpm	D-Mannitol	mM	2.5											
pseudo5_N2C3_1	set13IT012	Carbon source Sucrose 10 mM	3-Aug-21 pseudo5_N2-C3_1_ML2_set13	343	2138056	12547	1258327	1255317	152	468	241.732524552282	0.205235094730946	0.216957525495961	0.961525852185364	0.934531670175848	0.168246702715744	0.013496448005515	0.0170568731783902	3.42585386102016	carbon source	Carbon source Sucrose 10 mM	pseudo5_N2-C3_1_ML2a	Adam	3-Aug-21	pseudo5_N2-C3_1_ML2_set13	IT012	RCH2_defined_noCarbon	30	7	24-well transparent microplate; Multitron	Aerobic	Liquid	700 rpm	Sucrose	mM	10											
pseudo5_N2C3_1	set13IT013	Carbon source Sucrose 5 mM	3-Aug-21 pseudo5_N2-C3_1_ML2_set13	344	2423840	12752	1426201	1423051	176	468	274.032543808974	0.224031723148584	0.19765307590624	0.948153628375346	0.934531670175848	0.193240152643116	0.0559118241166991	0.00852817096512281	1.88723234995815	carbon source	Carbon source Sucrose 5 mM	pseudo5_N2-C3_1_ML2a	Adam	3-Aug-21	pseudo5_N2-C3_1_ML2_set13	IT013	RCH2_defined_noCarbon	30	7	24-well transparent microplate; Multitron	Aerobic	Liquid	700 rpm	Sucrose	mM	5											
pseudo5_N2C3_1	set13IT014	Carbon source Sucrose 2.5 mM	3-Aug-21 pseudo5_N2-C3_1_ML2_set13	345	2339259	12957	1375839	1372995	173	468	264.393414211438	0.203621722306061	0.194941406833296	0.943730032829808	0.934531670175848	0.15981770212232	0.0422691174555821	0.0112661098168821	1.55746695998531	carbon source	Carbon source Sucrose 2.5 mM	pseudo5_N2-C3_1_ML2a	Adam	3-Aug-21	pseudo5_N2-C3_1_ML2_set13	IT014	RCH2_defined_noCarbon	30	7	24-well transparent microplate; Multitron	Aerobic	Liquid	700 rpm	Sucrose	mM	2.5											
pseudo5_N2C3_1	set13IT015	Carbon source D-Mannitol 10 mM	3-Aug-21 pseudo5_N2-C3_1_ML2_set13	346	2298363	10692	1350127	1347194	168	468	259.424995185827	0.223221226217468	0.200431256264006	0.939458458064949	0.934531670175848	0.171336961817025	0.0535522411748265	0.026692915917984	1.37011037246798	carbon source	Carbon source D-Mannitol 10 mM	pseudo5_N2-C3_1_ML2a	Adam	3-Aug-21	pseudo5_N2-C3_1_ML2_set13	IT015	RCH2_defined_noCarbon	30	7	24-well transparent microplate; Multitron	Aerobic	Liquid	700 rpm	D-Mannitol	mM	10											
pseudo5_N2C3_1	set13IT016	Carbon source D-Mannitol 5 mM	3-Aug-21 pseudo5_N2-C3_1_ML2_set13	347	2377777	13083	1401073	1398041	178	468	269.216445214712	0.214928662290616	0.189406015765623	0.948429919887435	0.934531670175848	0.172146547305189	0.0531451993541392	0.0213113767108021	1.52857660951372	carbon source	Carbon source D-Mannitol 5 mM	pseudo5_N2-C3_1_ML2a	Adam	3-Aug-21	pseudo5_N2-C3_1_ML2_set13	IT016	RCH2_defined_noCarbon	30	7	24-well transparent microplate; Multitron	Aerobic	Liquid	700 rpm	D-Mannitol	mM	5											
pseudo5_N2C3_1	set13IT017	Carbon source D-Mannitol 2.5 mM	3-Aug-21 pseudo5_N2-C3_1_ML2_set13	348	2254106	12313	1323636	1321045	168	468	254.389562873098	0.186798077396809	0.202602172049997	0.945659114147382	0.934531670175848	0.172768782897919	-0.00930784479048119	0.0288113735477058	1.25225882024866	carbon source	Carbon source D-Mannitol 2.5 mM	pseudo5_N2-C3_1_ML2a	Adam	3-Aug-21	pseudo5_N2-C3_1_ML2_set13	IT017	RCH2_defined_noCarbon	30	7	24-well transparent microplate; Multitron	Aerobic	Liquid	700 rpm	D-Mannitol	mM	2.5											
pseudo5_N2C3_1	set1IT001	D-Glucose (C)	4/28/2014 pseudo5_N2-C3_1_ML2_set1	1	1907145	12644	1120133	1117222	142	419	215.139996148662	0.147521246346042	0.19366062679012	0.950327708548065	0.932885804141463	0.127583923680222	0.0306874943742754	-0.00960310901939042	1.53712128866613	carbon source	D-Glucose carbon source	pseudo5_N2-C3_1_ML2	Jayashree	4/28/2014	pseudo5_N2-C3_1_ML2_set1	IT001	RCH2_defined_noCarbon	30	7.2	tube	Aerobic	Liquid	200 rpm	D-Glucose	mM	20											
pseudo5_N2C3_1	set1IT002	D-Fructose (C)	4/28/2014 pseudo5_N2-C3_1_ML2_set1	2	2383302	9863	1405433	1401938	178	419	269.966878490275	0.243494252097686	0.187609991713552	0.954901095514211	0.932885804141463	0.205765028142324	0.0196123753223269	0.00308837154183956	3.17886988901281	carbon source	D-Fructose carbon source	pseudo5_N2-C3_1_ML2	Jayashree	4/28/2014	pseudo5_N2-C3_1_ML2_set1	IT002	RCH2_defined_noCarbon	30	7.2	tube	Aerobic	Liquid	200 rpm	D-Fructose	mM	20											
pseudo5_N2C3_1	set1IT004	L-Arabinose (C)	4/28/2014 pseudo5_N2-C3_1_ML2_set1	4	2085976	14197	1224010	1220573	155	419	235.041979587907	0.213763765096545	0.190654145535377	0.94280840172183	0.932885804141463	0.156172001377165	0.00486596366794397	-0.00388833038480468	1.17132512010731	carbon source	L-Arabinose carbon source	pseudo5_N2-C3_1_ML2	Jayashree	4/28/2014	pseudo5_N2-C3_1_ML2_set1	IT004	RCH2_defined_noCarbon	30	7.2	tube	Aerobic	Liquid	200 rpm	L-Arabinose	mM	20											
pseudo5_N2C3_1	set1IT005	D-Xylose (C)	4/28/2014 pseudo5_N2-C3_1_ML2_set1	5	2047018	13017	1204991	1201831	145	419	231.432890429424	0.276917577899953	0.194577357589044	0.959358015502655	0.932885804141463	0.201000803671726	0.0100177392576026	0.0020927181362536	3.64222609404804	carbon source	D-Xylose carbon source	pseudo5_N2-C3_1_ML2	Jayashree	4/28/2014	pseudo5_N2-C3_1_ML2_set1	IT005	RCH2_defined_noCarbon	30	7.2	tube	Aerobic	Liquid	200 rpm	D-Xylose	mM	20											
pseudo5_N2C3_1	set1IT006	D-Galactose (C)	4/28/2014 pseudo5_N2-C3_1_ML2_set1	6	2365158	12927	1392780	1389157	178	419	267.505680724052	0.192730543670179	0.183294222957036	0.932962897577261	0.932885804141463	0.187469125705748	-0.00747035871213819	0.00215748628997702	2.77991345548757	carbon source	D-Galactose carbon source	pseudo5_N2-C3_1_ML2	Jayashree	4/28/2014	pseudo5_N2-C3_1_ML2_set1	IT006	RCH2_defined_noCarbon	30	7.2	tube	Aerobic	Liquid	200 rpm	D-Galactose	mM	20											
pseudo5_N2C3_1	set1IT007	D-Ribose (C)	4/28/2014 pseudo5_N2-C3_1_ML2_set1	7	2325692	8375	1371462	1367896	173	419	263.411515501637	0.176409837485037	0.191569838659402	0.940998169905235	0.932885804141463	0.155822428059077	0.0244587838646788	-0.00149192194338016	2.50886267597205	carbon source	D-Ribose carbon source	pseudo5_N2-C3_1_ML2	Jayashree	4/28/2014	pseudo5_N2-C3_1_ML2_set1	IT007	RCH2_defined_noCarbon	30	7.2	tube	Aerobic	Liquid	200 rpm	D-Ribose	mM	20											
pseudo5_N2C3_1	set1IT008	a-Ketoglutaric (C)	4/28/2014 pseudo5_N2-C3_1_ML2_set1	8	2706321	15549	1592270	1588198	204	419	305.834392451377	0.138621333125202	0.177072503987053	0.924972052146895	0.932885804141463	0.153836212317923	0.0256615596562851	-0.00665846368787841	1.4407774988096	carbon source	a-Ketoglutaric acid disodium salt hydrate carbon source	pseudo5_N2-C3_1_ML2	Jayashree	4/28/2014	pseudo5_N2-C3_1_ML2_set1	IT008	RCH2_defined_noCarbon	30	7.2	tube	Aerobic	Liquid	200 rpm	a-Ketoglutaric acid disodium salt hydrate	mM	20											
pseudo5_N2C3_1	set1IT012	D-Gluconic Acid (C)	4/28/2014 pseudo5_N2-C3_1_ML2_set1	12	2562864	18490	1504038	1500531	188	419	288.952628538417	0.166007128288803	0.179336521446011	0.942348505295385	0.932885804141463	0.122514464547748	0.015687485358749	-0.0262264300129632	2.56217566201605	carbon source	D-Gluconic Acid sodium salt carbon source	pseudo5_N2-C3_1_ML2	Jayashree	4/28/2014	pseudo5_N2-C3_1_ML2_set1	IT012	RCH2_defined_noCarbon	30	7.2	tube	Aerobic	Liquid	200 rpm	D-Gluconic Acid sodium salt	mM	20											
pseudo5_N2C3_1	set1IT013	acetate (C)	4/28/2014 pseudo5_N2-C3_1_ML2_set1	13	2643363	3825	1565658	1562284	195	419	300.844213364144	0.39083858079451	0.179864576047995	0.944821476186889	0.932885804141463	0.309724532585243	0.0437332454189479	0.0249982535078112	2.49806485269326	carbon source	Potassium acetate carbon source	pseudo5_N2-C3_1_ML2	Jayashree	4/28/2014	pseudo5_N2-C3_1_ML2_set1	IT013	RCH2_defined_noCarbon	30	7.2	tube	Aerobic	Liquid	200 rpm	Potassium acetate	mM	20											
pseudo5_N2C3_1	set1IT014	Fumarate (C)	4/28/2014 pseudo5_N2-C3_1_ML2_set1	14	2379372	14633	1402693	1399040	177	419	269.408819564799	0.261729874301435	0.182874404974562	0.939446604605795	0.932885804141463	0.262890469936275	0.101237299588393	-0.0621420790844264	2.79842738795712	carbon source	Sodium Fumarate dibasic carbon source	pseudo5_N2-C3_1_ML2	Jayashree	4/28/2014	pseudo5_N2-C3_1_ML2_set1	IT014	RCH2_defined_noCarbon	30	7.2	tube	Aerobic	Liquid	200 rpm	Sodium Fumarate dibasic	mM	20											
pseudo5_N2C3_1	set1IT016	D-Lactate (C)	4/28/2014 pseudo5_N2-C3_1_ML2_set1	16	2345941	15015	1379068	1376286	172	419	265.027151935298	0.29286067789184	0.178911052715219	0.950232163224543	0.932885804141463	0.236008436895463	-0.0116882984629547	0.0162628551258976	1.42832988120016	carbon source	Sodium D-Lactate carbon source	pseudo5_N2-C3_1_ML2	Jayashree	4/28/2014	pseudo5_N2-C3_1_ML2_set1	IT016	RCH2_defined_noCarbon	30	7.2	tube	Aerobic	Liquid	200 rpm	Sodium D-Lactate	mM	20											
pseudo5_N2C3_1	set1IT017	L-Lactate (C)	4/28/2014 pseudo5_N2-C3_1_ML2_set1	17	1934438	12129	1136272	1133945	144	419	218.360292701714	0.166364515807997	0.190565514421396	0.934703165850748	0.932885804141463	0.154440605730757	0.0341711370665327	-0.0107004405913001	1.19378471539353	carbon source	Sodium L-Lactate carbon source	pseudo5_N2-C3_1_ML2	Jayashree	4/28/2014	pseudo5_N2-C3_1_ML2_set1	IT017	RCH2_defined_noCarbon	30	7.2	tube	Aerobic	Liquid	200 rpm	Sodium L-Lactate	mM	20											
pseudo5_N2C3_1	set1IT018	D,L-Lactate (C)	4/28/2014 pseudo5_N2-C3_1_ML2_set1	18	1720252	2125	1014932	1013149	129	419	195.09897939534	0.180553658071149	0.196416394038775	0.955876712897785	0.932885804141463	0.185379874913383	0.00441491963330679	-0.00468847540044673	1.14328764220971	carbon source	Sodium D,L-Lactate carbon source	pseudo5_N2-C3_1_ML2	Jayashree	4/28/2014	pseudo5_N2-C3_1_ML2_set1	IT018	RCH2_defined_noCarbon	30	7.2	tube	Aerobic	Liquid	200 rpm	Sodium D,L-Lactate	mM	20											
pseudo5_N2C3_1	set1IT019	pyruvate (C)	4/28/2014 pseudo5_N2-C3_1_ML2_set1	19	2078857	2438	1228724	1226319	157	419	236.14846909301	0.167829860422495	0.180961701211976	0.927999964612243	0.932885804141463	0.183274586761268	-0.00948116627388208	0.00513937643387741	1.1984872073604	carbon source	Sodium pyruvate carbon source	pseudo5_N2-C3_1_ML2	Jayashree	4/28/2014	pseudo5_N2-C3_1_ML2_set1	IT019	RCH2_defined_noCarbon	30	7.2	tube	Aerobic	Liquid	200 rpm	Sodium pyruvate	mM	20											
pseudo5_N2C3_1	set1IT020	succinate (C)	4/28/2014 pseudo5_N2-C3_1_ML2_set1	20	2253063	14731	1326003	1323150	170	419	254.794916233391	0.155554576328844	0.176007195846032	0.952162323632423	0.932885804141463	0.182678759379826	-0.000479124293590083	-0.0129093741473182	1.34603133050617	carbon source	Sodium succinate dibasic hexahydrate carbon source	pseudo5_N2-C3_1_ML2	Jayashree	4/28/2014	pseudo5_N2-C3_1_ML2_set1	IT020	RCH2_defined_noCarbon	30	7.2	tube	Aerobic	Liquid	200 rpm	Sodium succinate dibasic hexahydrate	mM	20											
pseudo5_N2C3_1	set1IT021	D-Glucose (C)	4/28/2014 pseudo5_N2-C3_1_ML2_set1	21	2020177	13317	1186833	1184334	153	419	228.063547082611	0.14248563078989	0.185541099937185	0.931122802743167	0.932885804141463	0.141897240756046	-0.000740309847737327	-0.00817052460965071	1.03729117514442	carbon source	D-Glucose carbon source	pseudo5_N2-C3_1_ML2	Jayashree	4/28/2014	pseudo5_N2-C3_1_ML2_set1	IT021	RCH2_defined_noCarbon	30	7.2	tube	Aerobic	Liquid	200 rpm	D-Glucose	mM	20											
pseudo5_N2C3_1	set1IT022	D-Fructose (C)	4/28/2014 pseudo5_N2-C3_1_ML2_set1	22	2114134	9140	1247556	1244930	158	419	239.732331985365	0.216740923037914	0.18192694859906	0.932357150749942	0.932885804141463	0.179715674896781	0.0214307440816714	-0.00226519114170315	2.81546241776709	carbon source	D-Fructose carbon source	pseudo5_N2-C3_1_ML2	Jayashree	4/28/2014	pseudo5_N2-C3_1_ML2_set1	IT022	RCH2_defined_noCarbon	30	7.2	tube	Aerobic	Liquid	200 rpm	D-Fructose	mM	20											
pseudo5_N2C3_1	set1IT024	L-Arabinose (C)	4/28/2014 pseudo5_N2-C3_1_ML2_set1	24	2034167	13914	1193823	1191386	152	419	229.421528981321	0.166434081823167	0.185341687596906	0.937440152601789	0.932885804141463	0.175071139186005	-0.0154781220604763	-0.00375992384192731	2.34776288783509	carbon source	L-Arabinose carbon source	pseudo5_N2-C3_1_ML2	Jayashree	4/28/2014	pseudo5_N2-C3_1_ML2_set1	IT024	RCH2_defined_noCarbon	30	7.2	tube	Aerobic	Liquid	200 rpm	L-Arabinose	mM	20											
pseudo5_N2C3_1	set1IT025	D-Xylose (C)	4/28/2014 pseudo5_N2-C3_1_ML2_set1	25	2296171	14246	1349654	1346803	166	419	259.349701521279	0.269060999325687	0.187541983849951	0.949726793518776	0.932885804141463	0.213183788043323	0.00598439442489794	0.000267693111853924	3.28086602605696	carbon source	D-Xylose carbon source	pseudo5_N2-C3_1_ML2	Jayashree	4/28/2014	pseudo5_N2-C3_1_ML2_set1	IT025	RCH2_defined_noCarbon	30	7.2	tube	Aerobic	Liquid	200 rpm	D-Xylose	mM	20											
pseudo5_N2C3_1	set1IT026	D-Galactose (C)	4/28/2014 pseudo5_N2-C3_1_ML2_set1	26	2144208	11899	1263025	1260448	158	419	242.720585403428	0.255990474119544	0.178053557260568	0.948895373963011	0.932885804141463	0.262501868639868	0.015759193561551	-0.00539841054780306	3.05297080438162	carbon source	D-Galactose carbon source	pseudo5_N2-C3_1_ML2	Jayashree	4/28/2014	pseudo5_N2-C3_1_ML2_set1	IT026	RCH2_defined_noCarbon	30	7.2	tube	Aerobic	Liquid	200 rpm	D-Galactose	mM	20											
pseudo5_N2C3_1	set1IT027	D-Ribose (C)	4/28/2014 pseudo5_N2-C3_1_ML2_set1	27	2239129	7186	1319961	1317237	167	419	253.656268053148	0.190459530972243	0.178432708982579	0.94049265925443	0.932885804141463	0.136731980574745	-0.0237139643255636	0.00488738607414942	2.03563330801949	carbon source	D-Ribose carbon source	pseudo5_N2-C3_1_ML2	Jayashree	4/28/2014	pseudo5_N2-C3_1_ML2_set1	IT027	RCH2_defined_noCarbon	30	7.2	tube	Aerobic	Liquid	200 rpm	D-Ribose	mM	20											
pseudo5_N2C3_1	set1IT028	a-Ketoglutaric (C)	4/28/2014 pseudo5_N2-C3_1_ML2_set1	28	1857829	10657	1093345	1091161	139	419	210.121509724629	0.141882072291073	0.187484402119114	0.937489983198847	0.932885804141463	0.153834037915165	-0.0251556620013909	0.00174094213635104	1.17399455983881	carbon source	a-Ketoglutaric acid disodium salt hydrate carbon source	pseudo5_N2-C3_1_ML2	Jayashree	4/28/2014	pseudo5_N2-C3_1_ML2_set1	IT028	RCH2_defined_noCarbon	30	7.2	tube	Aerobic	Liquid	200 rpm	a-Ketoglutaric acid disodium salt hydrate	mM	20											
pseudo5_N2C3_1	set1IT029	D-Gluconic Acid (C)	4/28/2014 pseudo5_N2-C3_1_ML2_set1	29	2374730	17132	1392902	1390185	172	419	267.703639514731	0.204272960409307	0.179717116033928	0.92926378702356	0.932885804141463	0.161887454477291	0.0528810320741378	-0.0269751580454987	2.68267846084731	carbon source	D-Gluconic Acid sodium salt carbon source	pseudo5_N2-C3_1_ML2	Jayashree	4/28/2014	pseudo5_N2-C3_1_ML2_set1	IT029	RCH2_defined_noCarbon	30	7.2	tube	Aerobic	Liquid	200 rpm	D-Gluconic Acid sodium salt	mM	20											
pseudo5_N2C3_1	set1IT030	acetate (C)	4/28/2014 pseudo5_N2-C3_1_ML2_set1	30	1908666	2488	1130552	1128134	140	419	217.241286347006	0.371199767179797	0.191193005727291	0.941239290487862	0.932885804141463	0.299728888009625	0.0875142263142866	0.0185377144917603	2.43291369361083	carbon source	Potassium acetate carbon source	pseudo5_N2-C3_1_ML2	Jayashree	4/28/2014	pseudo5_N2-C3_1_ML2_set1	IT030	RCH2_defined_noCarbon	30	7.2	tube	Aerobic	Liquid	200 rpm	Potassium acetate	mM	20											
pseudo5_N2C3_1	set1IT031	Fumarate (C)	4/28/2014 pseudo5_N2-C3_1_ML2_set1	31	2376546	20882	1399163	1395580	176	419	268.742538031966	0.296649810910487	0.184252701626199	0.939067407035982	0.932885804141463	0.21854661361344	0.114235720629881	-0.0562956079405707	2.63960913583344	carbon source	Sodium Fumarate dibasic carbon source	pseudo5_N2-C3_1_ML2	Jayashree	4/28/2014	pseudo5_N2-C3_1_ML2_set1	IT031	RCH2_defined_noCarbon	30	7.2	tube	Aerobic	Liquid	200 rpm	Sodium Fumarate dibasic	mM	20											
pseudo5_N2C3_1	set1IT033	D-Lactate (C)	4/28/2014 pseudo5_N2-C3_1_ML2_set1	33	1805340	11781	1061029	1058957	136	419	203.920084729443	0.264017350664421	0.199782048110297	0.957804708619112	0.932885804141463	0.264860514672781	0.040343644043477	0.0113099228443264	2.37922741204201	carbon source	Sodium D-Lactate carbon source	pseudo5_N2-C3_1_ML2	Jayashree	4/28/2014	pseudo5_N2-C3_1_ML2_set1	IT033	RCH2_defined_noCarbon	30	7.2	tube	Aerobic	Liquid	200 rpm	Sodium D-Lactate	mM	20											
pseudo5_N2C3_1	set1IT034	L-Lactate (C)	4/28/2014 pseudo5_N2-C3_1_ML2_set1	34	2354187	15181	1382272	1379426	176	419	265.631812054689	0.186478408746418	0.18103587571144	0.939190966250875	0.932885804141463	0.184781266876466	0.0340779488400919	-0.0075544498426707	1.15683478978403	carbon source	Sodium L-Lactate carbon source	pseudo5_N2-C3_1_ML2	Jayashree	4/28/2014	pseudo5_N2-C3_1_ML2_set1	IT034	RCH2_defined_noCarbon	30	7.2	tube	Aerobic	Liquid	200 rpm	Sodium L-Lactate	mM	20											
pseudo5_N2C3_1	set1IT035	D,L-Lactate (C)	4/28/2014 pseudo5_N2-C3_1_ML2_set1	35	2480688	2901	1464075	1461081	189	419	281.355863662623	0.171862696444584	0.168113137559093	0.932357150749942	0.932885804141463	0.111473677620212	0.0254893022357533	0.00237729466945123	1.15798303908525	carbon source	Sodium D,L-Lactate carbon source	pseudo5_N2-C3_1_ML2	Jayashree	4/28/2014	pseudo5_N2-C3_1_ML2_set1	IT035	RCH2_defined_noCarbon	30	7.2	tube	Aerobic	Liquid	200 rpm	Sodium D,L-Lactate	mM	20											
pseudo5_N2C3_1	set1IT036	pyruvate (C)	4/28/2014 pseudo5_N2-C3_1_ML2_set1	36	2576618	2938	1522355	1519105	195	419	292.529366454843	0.12820610334063	0.170938191076507	0.934123997871023	0.932885804141463	0.118712539369398	-0.0143667017639166	-0.0108871004046564	1.18721479099729	carbon source	Sodium pyruvate carbon source	pseudo5_N2-C3_1_ML2	Jayashree	4/28/2014	pseudo5_N2-C3_1_ML2_set1	IT036	RCH2_defined_noCarbon	30	7.2	tube	Aerobic	Liquid	200 rpm	Sodium pyruvate	mM	20											
pseudo5_N2C3_1	set1IT037	succinate (C)	4/28/2014 pseudo5_N2-C3_1_ML2_set1	37	2318184	15332	1361837	1358804	174	419	261.66069709224	0.163323688700347	0.171335267251689	0.947742916168135	0.932885804141463	0.149417764891928	-0.0216246616545056	-0.00911780911423844	0.972871908707854	carbon source	Sodium succinate dibasic hexahydrate carbon source	pseudo5_N2-C3_1_ML2	Jayashree	4/28/2014	pseudo5_N2-C3_1_ML2_set1	IT037	RCH2_defined_noCarbon	30	7.2	tube	Aerobic	Liquid	200 rpm	Sodium succinate dibasic hexahydrate	mM	20											
pseudo5_N2C3_1	set1IT038	Nickel (II) chloride 0.625 mM	4/28/2014 pseudo5_N2-C3_1_ML2_set1	38	2531727	15831	1479789	1476629	175	419	284.349894088196	0.239302163592791	0.208205140139797	0.947908771780854	0.932885804141463	0.176658836628379	0.0144156548252998	-0.022936773190953	4.49371394779697	stress	LB with Nickel (II) chloride hexahydrate 0.625 mM	pseudo5_N2-C3_1_ML2	Jayashree	4/28/2014	pseudo5_N2-C3_1_ML2_set1	IT038	LB	25		48 well microplate; Tecan Infinite F200	Aerobic	Liquid	orbital	Nickel (II) chloride hexahydrate	mM	0.625										893	A3,A4
pseudo5_N2C3_1	set1IT039	Cobalt chloride 0.08 mM	4/28/2014 pseudo5_N2-C3_1_ML2_set1	39	2292216	12341	1317886	1314939	162	419	253.213749277874	0.264263703874289	0.201006173793382	0.932885804141463	0.932885804141463	0.184642957827499	-0.0187043286029959	0.00328257567635693	3.49946435973592	stress	LB with Cobalt chloride hexahydrate 0.08 mM	pseudo5_N2-C3_1_ML2	Jayashree	4/28/2014	pseudo5_N2-C3_1_ML2_set1	IT039	LB	25		48 well microplate; Tecan Infinite F200	Aerobic	Liquid	orbital	Cobalt chloride hexahydrate	mM	0.08										893	A7,A8
pseudo5_N2C3_1	set1IT041	sodium fluoride 6.25 mM	4/28/2014 pseudo5_N2-C3_1_ML2_set1	41	2286354	14611	1342142	1339449	168	419	257.933564413634	0.114508922840476	0.182373807031162	0.943416471633633	0.932885804141463	0.0640859864582046	-0.000541659030282239	0.0111799897335086	1.97961401743989	stress	LB with sodium fluoride 6.25 mM	pseudo5_N2-C3_1_ML2	Jayashree	4/28/2014	pseudo5_N2-C3_1_ML2_set1	IT041	LB	25		48 well microplate; Tecan Infinite F200	Aerobic	Liquid	orbital	sodium fluoride	mM	6.25										893	C7,C8
pseudo5_N2C3_1	set1IT042	Paraquat dichloride 0.0625 mg/ml	4/28/2014 pseudo5_N2-C3_1_ML2_set1	42	2037978	14595	1169452	1167224	130	419	224.768727132679	0.209885272507971	0.191454370628113	0.922414813738134	0.932885804141463	0.153654645615413	0.00856241336718272	0.00871396380015143	6.84979204688024	stress	LB with Paraquat dichloride 0.0625 mg/ml	pseudo5_N2-C3_1_ML2	Jayashree	4/28/2014	pseudo5_N2-C3_1_ML2_set1	IT042	LB	25		48 well microplate; Tecan Infinite F200	Aerobic	Liquid	orbital	Paraquat dichloride	mg/ml	0.0625										893	D5,D6
pseudo5_N2C3_1	set1IT043	Thallium(I) acetate 0.008 mg/ml	4/28/2014 pseudo5_N2-C3_1_ML2_set1	43	2334991	17114	1369756	1366620	175	419	263.16580011554	0.174601845950754	0.183306804672951	0.926078356870327	0.932885804141463	0.150750831412818	0.0519516337736632	0.0123728651503515	2.75412312417406	stress	LB with Thallium(I) acetate 0.008 mg/ml	pseudo5_N2-C3_1_ML2	Jayashree	4/28/2014	pseudo5_N2-C3_1_ML2_set1	IT043	LB	25		48 well microplate; Tecan Infinite F200	Aerobic	Liquid	orbital	Thallium(I) acetate	mg/ml	0.008										893	E1,E2
pseudo5_N2C3_1	set1IT045	Cisplatin 0.0032 mg/ml	4/28/2014 pseudo5_N2-C3_1_ML2_set1	45	2258778	16318	1321920	1318803	170	419	253.957827845176	0.217057446059264	0.203459870695616	0.951090399519053	0.932885804141463	0.154943652175403	-0.00704764508522729	-0.0431720457939994	2.94498127011433	stress	LB with Cisplatin 0.0032 mg/ml	pseudo5_N2-C3_1_ML2	Jayashree	4/28/2014	pseudo5_N2-C3_1_ML2_set1	IT045	LB	25		48 well microplate; Tecan Infinite F200	Aerobic	Liquid	orbital	Cisplatin	mg/ml	0.0032										893	E7,E8
pseudo5_N2C3_1	set1IT047	Nickel (II) chloride 0.625 mM	4/28/2014 pseudo5_N2-C3_1_ML2_set1	47	1953003	11736	1147511	1144959	138	419	220.481224725592	0.187215278313654	0.223229166298084	0.961265860284751	0.932885804141463	0.14561094665917	-0.00477064560079831	-0.0467038175299722	4.87562541021674	stress	LB with Nickel (II) chloride hexahydrate 0.625 mM	pseudo5_N2-C3_1_ML2	Jayashree	4/28/2014	pseudo5_N2-C3_1_ML2_set1	IT047	LB	25		48 well microplate; Tecan Infinite F200	Aerobic	Liquid	orbital	Nickel (II) chloride hexahydrate	mM	0.625										894	A3,A4
pseudo5_N2C3_1	set1IT048	Cobalt chloride 0.08 mM	4/28/2014 pseudo5_N2-C3_1_ML2_set1	48	2181967	12063	1253739	1251064	154	419	240.913537454265	0.209611660902184	0.219210647183348	0.943960679520965	0.932885804141463	0.176969851571618	0.0104125081930944	-0.00856094240652002	3.57044573620976	stress	LB with Cobalt chloride hexahydrate 0.08 mM	pseudo5_N2-C3_1_ML2	Jayashree	4/28/2014	pseudo5_N2-C3_1_ML2_set1	IT048	LB	25		48 well microplate; Tecan Infinite F200	Aerobic	Liquid	orbital	Cobalt chloride hexahydrate	mM	0.08										894	A7,A8
pseudo5_N2C3_1	set2IT050	copper (II) chloride 2.5 mM	4/28/2014 pseudo5_N2-C3_1_ML2_set2	50	2234833	15977	1303250	1300779	156	167	250.487001733102	0.189437062957687	0.351843930196277	1.01104842946989	0.924250056879762	0.104176799291441	0.00863862829970278	-0.0277209527250441	3.63985679932972	stress	LB with copper (II) chloride dihydrate 2.5 mM	pseudo5_N2-C3_1_ML2	Jayashree	4/28/2014	pseudo5_N2-C3_1_ML2_set2	IT050	LB	25		48 well microplate; Tecan Infinite F200	Aerobic	Liquid	orbital	copper (II) chloride dihydrate	mM	2.5										894	B7,B8
pseudo5_N2C3_1	set2IT052	Paraquat dichloride 0.0625 mg/ml	4/28/2014 pseudo5_N2-C3_1_ML2_set2	52	2167621	14943	1253177	1250619	144	167	240.827845176199	0.166859393001106	0.212354219492396	0.944642415115982	0.924250056879762	0.134254668793647	-0.00680407794014591	-0.00885497741564041	6.57162243768112	stress	LB with Paraquat dichloride 0.0625 mg/ml	pseudo5_N2-C3_1_ML2	Jayashree	4/28/2014	pseudo5_N2-C3_1_ML2_set2	IT052	LB	25		48 well microplate; Tecan Infinite F200	Aerobic	Liquid	orbital	Paraquat dichloride	mg/ml	0.0625										894	D5,D6
pseudo5_N2C3_1	set2IT053	Thallium(I) acetate 0.008 mg/ml	4/28/2014 pseudo5_N2-C3_1_ML2_set2	53	1690042	12259	993284	990908	126	167	190.816098594262	0.17721320332537	0.22390007439318	0.952143845783107	0.924250056879762	0.101491918787568	0.0179204329501457	-0.00837961963167894	3.51474036163875	stress	LB with Thallium(I) acetate 0.008 mg/ml	pseudo5_N2-C3_1_ML2	Jayashree	4/28/2014	pseudo5_N2-C3_1_ML2_set2	IT053	LB	25		48 well microplate; Tecan Infinite F200	Aerobic	Liquid	orbital	Thallium(I) acetate	mg/ml	0.008										894	E1,E2
pseudo5_N2C3_1	set2IT055	Cisplatin 0.0032 mg/ml	4/28/2014 pseudo5_N2-C3_1_ML2_set2	55	2263438	16580	1324710	1321655	168	167	254.507028692471	0.194792076356889	0.215042783623071	0.945952711421146	0.924250056879762	0.0856176657238453	0.0399549494008609	-0.0457672929657077	3.05620749174904	stress	LB with Cisplatin 0.0032 mg/ml	pseudo5_N2-C3_1_ML2	Jayashree	4/28/2014	pseudo5_N2-C3_1_ML2_set2	IT055	LB	25		48 well microplate; Tecan Infinite F200	Aerobic	Liquid	orbital	Cisplatin	mg/ml	0.0032										894	E7,E8
pseudo5_N2C3_1	set2IT063	m-Inositol (C)	6/12/2014 pseudo5_N2-C3_1_ML2_set2	63	2382637	11839	1401690	1398664	179	601	269.336414404005	0.254931441784071	0.163156388683899	0.934434772832131	0.933093528499094	0.209053370102316	0.0778095073040121	-0.0140982051680212	1.19879268037449	carbon source	m-Inositol carbon source	pseudo5_N2-C3_1_ML2	Jayashree	6/12/2014	pseudo5_N2-C3_1_ML2_set2	IT063	RCH2_defined_noCarbon	30	7.2	tube	Aerobic	Liquid	200 rpm	m-Inositol	mM	20											
pseudo5_N2C3_1	set2IT064	Ethanol (C)	6/12/2014 pseudo5_N2-C3_1_ML2_set2	64	2154513	5790	1267934	1265109	161	601	243.618139803582	0.289781101476957	0.175900702470379	0.932885804141463	0.933093528499094	0.249699913731478	0.0703122056340399	-0.0128313645923616	2.6833624760683	carbon source	Ethanol carbon source	pseudo5_N2-C3_1_ML2	Jayashree	6/12/2014	pseudo5_N2-C3_1_ML2_set2	IT064	RCH2_defined_noCarbon	30	7.2	tube	Aerobic	Liquid	200 rpm	Ethanol	mM	20											
pseudo5_N2C3_1	set2IT065	Glycerol (C)	6/12/2014 pseudo5_N2-C3_1_ML2_set2	65	1841005	13443	1080818	1078511	138	601	207.685538224533	0.211806111770936	0.179681474349913	0.945552215977624	0.933093528499094	0.122183692399615	0.041473968243408	-0.00791454325643142	1.70178181235188	carbon source	Glycerol carbon source	pseudo5_N2-C3_1_ML2	Jayashree	6/12/2014	pseudo5_N2-C3_1_ML2_set2	IT065	RCH2_defined_noCarbon	30	7.2	tube	Aerobic	Liquid	200 rpm	Glycerol	mM	20											
pseudo5_N2C3_1	set2IT066	D-Sorbitol (C)	6/12/2014 pseudo5_N2-C3_1_ML2_set2	66	2261012	13429	1329536	1326783	171	601	255.494511842865	0.185182965662918	0.168962234573332	0.92797864788119	0.933093528499094	0.159738083011307	0.0102656179921919	-0.0102256119863381	1.29579499013125	carbon source	D-Sorbitol carbon source	pseudo5_N2-C3_1_ML2	Jayashree	6/12/2014	pseudo5_N2-C3_1_ML2_set2	IT066	RCH2_defined_noCarbon	30	7.2	tube	Aerobic	Liquid	200 rpm	D-Sorbitol	mM	20											
pseudo5_N2C3_1	set2IT067	Tween 20 (C)	6/12/2014 pseudo5_N2-C3_1_ML2_set2	67	2186346	8575	1287220	1284403	167	601	247.33352590025	0.177522359980955	0.16769070061489	0.943416471633633	0.933093528499094	0.166096170308915	0.0286802744024143	-0.0354717439565683	0.976663559797974	carbon source	Tween 20 carbon source	pseudo5_N2-C3_1_ML2	Jayashree	6/12/2014	pseudo5_N2-C3_1_ML2_set2	IT067	RCH2_defined_noCarbon	30	7.2	tube	Aerobic	Liquid	200 rpm	Tween 20	mM	1											
pseudo5_N2C3_1	set2IT068	L-Malic (C)	6/12/2014 pseudo5_N2-C3_1_ML2_set2	68	1807135	9513	1063603	1061419	137	601	204.394184479106	0.126869632818037	0.189492120455893	0.943884221041859	0.933093528499094	0.181972455108668	0.0545937589086668	-0.0244943293382436	0.976927203530923	carbon source	L-Malic acid disodium salt monohydrate carbon source	pseudo5_N2-C3_1_ML2	Jayashree	6/12/2014	pseudo5_N2-C3_1_ML2_set2	IT068	RCH2_defined_noCarbon	30	7.2	tube	Aerobic	Liquid	200 rpm	L-Malic acid disodium salt monohydrate	mM	20											
pseudo5_N2C3_1	set2IT069	D-Trehalose (C)	6/12/2014 pseudo5_N2-C3_1_ML2_set2	69	2085031	6669	1067655	1065496	124	601	205.17927979973	0.234792555383858	0.200045908490459	0.947480902094563	0.933093528499094	0.258775688605742	-0.000581670532399844	0.00583481501875976	5.91999804033332	carbon source	D-Trehalose dihydrate carbon source	pseudo5_N2-C3_1_ML2	Jayashree	6/12/2014	pseudo5_N2-C3_1_ML2_set2	IT069	RCH2_defined_noCarbon	30	7.2	tube	Aerobic	Liquid	200 rpm	D-Trehalose dihydrate	mM	20											
pseudo5_N2C3_1	set2IT070	L-Arginine (C)	6/12/2014 pseudo5_N2-C3_1_ML2_set2	70	2155653	15382	1261282	1258442	159	601	242.334296167918	0.233939966058069	0.177866447566583	0.947532580105864	0.933093528499094	0.261976951329065	0.0363823941416442	-0.0377069431495368	1.40555384717438	carbon source	L-Arginine carbon source	pseudo5_N2-C3_1_ML2	Jayashree	6/12/2014	pseudo5_N2-C3_1_ML2_set2	IT070	RCH2_defined_noCarbon	30	7.2	tube	Aerobic	Liquid	200 rpm	L-Arginine	mM	10											
pseudo5_N2C3_1	set2IT071	L-Histidine (C)	6/12/2014 pseudo5_N2-C3_1_ML2_set2	71	2119352	15465	1239626	1233646	156	601	237.559406893896	0.352366825198181	0.207509958602546	0.956404362437903	0.933093528499094	0.256902934529974	0.0399662515921434	-0.0372744266157021	4.58760868049213	carbon source	L-Histidine carbon source	pseudo5_N2-C3_1_ML2	Jayashree	6/12/2014	pseudo5_N2-C3_1_ML2_set2	IT071	RCH2_defined_noCarbon	30	7.2	tube	Aerobic	Liquid	200 rpm	L-Histidine	mM	20											
pseudo5_N2C3_1	set2IT072	L-Lysine (C)	6/12/2014 pseudo5_N2-C3_1_ML2_set2	72	2246868	5732	1201706	1198911	137	601	230.870595031774	0.348216861574688	0.232790545392015	0.932249414580607	0.933093528499094	0.230442357711865	0.0616542241880986	-0.0288566019377644	5.54823322159356	carbon source	L-Lysine carbon source	pseudo5_N2-C3_1_ML2	Jayashree	6/12/2014	pseudo5_N2-C3_1_ML2_set2	IT072	RCH2_defined_noCarbon	30	7.2	tube	Aerobic	Liquid	200 rpm	L-Lysine	mM	20											
pseudo5_N2C3_1	set2IT073	L-Aspartic Acid (C)	6/12/2014 pseudo5_N2-C3_1_ML2_set2	73	1867723	3114	1102042	1099545	140	601	211.735990756788	0.176253903978427	0.173871911737206	0.940143222255728	0.933093528499094	0.124864883080576	0.039322560182825	-0.0129484282384409	0.924792704205329	carbon source	L-Aspartic Acid carbon source	pseudo5_N2-C3_1_ML2	Jayashree	6/12/2014	pseudo5_N2-C3_1_ML2_set2	IT073	RCH2_defined_noCarbon	30	7.2	tube	Aerobic	Liquid	200 rpm	L-Aspartic Acid	mM	6											
pseudo5_N2C3_1	set2IT074	L-Glutamic (C)	6/12/2014 pseudo5_N2-C3_1_ML2_set2	74	1995517	14078	1165504	1163081	150	601	223.970922395532	0.152282653606569	0.170551132222997	0.941095399656082	0.933093528499094	0.166788211199122	0.0625700491655315	-0.0286953314099805	1.1503879587059	carbon source	L-Glutamic acid monopotassium salt monohydrate carbon source	pseudo5_N2-C3_1_ML2	Jayashree	6/12/2014	pseudo5_N2-C3_1_ML2_set2	IT074	RCH2_defined_noCarbon	30	7.2	tube	Aerobic	Liquid	200 rpm	L-Glutamic acid monopotassium salt monohydrate	mM	20											
pseudo5_N2C3_1	set2IT076	L-Asparagine (C)	6/12/2014 pseudo5_N2-C3_1_ML2_set2	76	2406468	10087	1415320	1412514	176	601	272.003466204506	0.253417574686812	0.168722330631591	0.953901702451212	0.933093528499094	0.226065154124859	0.0444778839401254	-0.012132422380084	1.66241646243337	carbon source	L-Asparagine carbon source	pseudo5_N2-C3_1_ML2	Jayashree	6/12/2014	pseudo5_N2-C3_1_ML2_set2	IT076	RCH2_defined_noCarbon	30	7.2	tube	Aerobic	Liquid	200 rpm	L-Asparagine	mM	10											
pseudo5_N2C3_1	set2IT077	L-Glutamine (C)	6/12/2014 pseudo5_N2-C3_1_ML2_set2	77	1995948	15539	1169443	1166935	149	601	224.713075293665	0.205215475284752	0.177960781365452	0.933948231996327	0.933093528499094	0.177184022231969	0.0905561528776883	-0.0230250296641137	1.19001327870077	carbon source	L-Glutamine carbon source	pseudo5_N2-C3_1_ML2	Jayashree	6/12/2014	pseudo5_N2-C3_1_ML2_set2	IT077	RCH2_defined_noCarbon	30	7.2	tube	Aerobic	Liquid	200 rpm	L-Glutamine	mM	20											
pseudo5_N2C3_1	set2IT078	L-Proline (C)	6/12/2014 pseudo5_N2-C3_1_ML2_set2	78	2232127	14150	1309884	1307090	168	601	251.702291546312	0.226993108783101	0.17605803614497	0.949366997072616	0.933093528499094	0.203238978666872	0.0408691218668931	-0.0192185118302317	1.14975903605318	carbon source	L-Proline carbon source	pseudo5_N2-C3_1_ML2	Jayashree	6/12/2014	pseudo5_N2-C3_1_ML2_set2	IT078	RCH2_defined_noCarbon	30	7.2	tube	Aerobic	Liquid	200 rpm	L-Proline	mM	20											
pseudo5_N2C3_1	set2IT081	m-Inositol (C)	6/12/2014 pseudo5_N2-C3_1_ML2_set2	81	1965776	9997	1157535	1155031	147	601	222.420758713653	0.234057658877794	0.182480096507575	0.934666265448128	0.933093528499094	0.233597135656121	0.0735537633064729	-0.0242014852848109	1.19733065526468	carbon source	m-Inositol carbon source	pseudo5_N2-C3_1_ML2	Jayashree	6/12/2014	pseudo5_N2-C3_1_ML2_set2	IT081	RCH2_defined_noCarbon	30	7.2	tube	Aerobic	Liquid	200 rpm	m-Inositol	mM	20											
pseudo5_N2C3_1	set2IT082	Ethanol (C)	6/12/2014 pseudo5_N2-C3_1_ML2_set2	82	2142610	5418	1259237	1256449	161	601	241.95051030233	0.278615909719624	0.175394883396057	0.953406441518303	0.933093528499094	0.192228405264349	0.0586926696607127	0.00198851563760635	2.55729623453091	carbon source	Ethanol carbon source	pseudo5_N2-C3_1_ML2	Jayashree	6/12/2014	pseudo5_N2-C3_1_ML2_set2	IT082	RCH2_defined_noCarbon	30	7.2	tube	Aerobic	Liquid	200 rpm	Ethanol	mM	20											
pseudo5_N2C3_1	set2IT083	Glycerol (C)	6/12/2014 pseudo5_N2-C3_1_ML2_set2	83	2089046	14590	1225500	1222954	157	601	235.500481417293	0.193532484916691	0.178809338025626	0.946119326553038	0.933093528499094	0.132672664870411	0.0359515438563922	-0.00852565974201104	1.67764810280143	carbon source	Glycerol carbon source	pseudo5_N2-C3_1_ML2	Jayashree	6/12/2014	pseudo5_N2-C3_1_ML2_set2	IT083	RCH2_defined_noCarbon	30	7.2	tube	Aerobic	Liquid	200 rpm	Glycerol	mM	20											
pseudo5_N2C3_1	set2IT084	D-Sorbitol (C)	6/12/2014 pseudo5_N2-C3_1_ML2_set2	84	2506559	15244	1473458	1470131	189	601	283.098594261506	0.183559077182387	0.170795694829557	0.942394370831462	0.933093528499094	0.164686970161673	0.044951124035416	0.00292809412771181	1.22277236669972	carbon source	D-Sorbitol carbon source	pseudo5_N2-C3_1_ML2	Jayashree	6/12/2014	pseudo5_N2-C3_1_ML2_set2	IT084	RCH2_defined_noCarbon	30	7.2	tube	Aerobic	Liquid	200 rpm	D-Sorbitol	mM	20											
pseudo5_N2C3_1	set2IT085	Tween 20 (C)	6/12/2014 pseudo5_N2-C3_1_ML2_set2	85	2437015	9721	1433712	1430447	186	601	275.456768727133	0.17693501337504	0.166539758705696	0.947532580105864	0.933093528499094	0.152974544072446	0.0494741370949905	-0.0415480777660747	1.04508694135707	carbon source	Tween 20 carbon source	pseudo5_N2-C3_1_ML2	Jayashree	6/12/2014	pseudo5_N2-C3_1_ML2_set2	IT085	RCH2_defined_noCarbon	30	7.2	tube	Aerobic	Liquid	200 rpm	Tween 20	mM	1											
pseudo5_N2C3_1	set2IT086	L-Malic (C)	6/12/2014 pseudo5_N2-C3_1_ML2_set2	86	2039923	10896	1200083	1197429	154	601	230.585210860774	0.146851688773361	0.179335310597444	0.925999418556223	0.933093528499094	0.178545577153352	-0.0067091925763799	-0.0271807561720356	1.27760624479145	carbon source	L-Malic acid disodium salt monohydrate carbon source	pseudo5_N2-C3_1_ML2	Jayashree	6/12/2014	pseudo5_N2-C3_1_ML2_set2	IT086	RCH2_defined_noCarbon	30	7.2	tube	Aerobic	Liquid	200 rpm	L-Malic acid disodium salt monohydrate	mM	20											
pseudo5_N2C3_1	set2IT087	D-Trehalose (C)	6/12/2014 pseudo5_N2-C3_1_ML2_set2	87	2924811	9978	1601039	1597537	187	601	307.632774889274	0.27169966433392	0.178031637828419	0.937507414247644	0.933093528499094	0.183044863509476	0.0507752477479702	0.0180737910836523	5.63325753112613	carbon source	D-Trehalose dihydrate carbon source	pseudo5_N2-C3_1_ML2	Jayashree	6/12/2014	pseudo5_N2-C3_1_ML2_set2	IT087	RCH2_defined_noCarbon	30	7.2	tube	Aerobic	Liquid	200 rpm	D-Trehalose dihydrate	mM	20											
pseudo5_N2C3_1	set2IT088	L-Arginine (C)	6/12/2014 pseudo5_N2-C3_1_ML2_set2	88	2088349	15352	1223145	1220126	154	601	234.955902176006	0.216386688761839	0.17999046761572	0.936337918046545	0.933093528499094	0.229271545421249	0.0365574043378801	-0.0270551825564409	1.40455272145904	carbon source	L-Arginine carbon source	pseudo5_N2-C3_1_ML2	Jayashree	6/12/2014	pseudo5_N2-C3_1_ML2_set2	IT088	RCH2_defined_noCarbon	30	7.2	tube	Aerobic	Liquid	200 rpm	L-Arginine	mM	10											
pseudo5_N2C3_1	set2IT089	L-Histidine (C)	6/12/2014 pseudo5_N2-C3_1_ML2_set2	89	2020914	14646	1183030	1177542	147	601	226.755632582322	0.371213359576384	0.205335130276172	0.96465750379219	0.933093528499094	0.263210752341093	0.0311004095637355	-0.0342829400360259	4.35775088036318	carbon source	L-Histidine carbon source	pseudo5_N2-C3_1_ML2	Jayashree	6/12/2014	pseudo5_N2-C3_1_ML2_set2	IT089	RCH2_defined_noCarbon	30	7.2	tube	Aerobic	Liquid	200 rpm	L-Histidine	mM	20											
pseudo5_N2C3_1	set2IT090	L-Lysine (C)	6/12/2014 pseudo5_N2-C3_1_ML2_set2	90	2137691	4418	1067119	1064888	100	601	205.062199114192	0.3492295744337	0.274383223717059	0.960289454344924	0.933093528499094	0.187321601722611	0.0763029890027533	-0.0472280442904408	6.54111427828041	carbon source	L-Lysine carbon source	pseudo5_N2-C3_1_ML2	Jayashree	6/12/2014	pseudo5_N2-C3_1_ML2_set2	IT090	RCH2_defined_noCarbon	30	7.2	tube	Aerobic	Liquid	200 rpm	L-Lysine	mM	20											
pseudo5_N2C3_1	set2IT091	L-Aspartic Acid (C)	6/12/2014 pseudo5_N2-C3_1_ML2_set2	91	2488816	3529	1469453	1466387	188	601	282.377623724244	0.205660660219059	0.159516445880162	0.940165099168373	0.933093528499094	0.185414181490256	0.0214203622565518	-0.0218223452198854	1.08113009801402	carbon source	L-Aspartic Acid carbon source	pseudo5_N2-C3_1_ML2	Jayashree	6/12/2014	pseudo5_N2-C3_1_ML2_set2	IT091	RCH2_defined_noCarbon	30	7.2	tube	Aerobic	Liquid	200 rpm	L-Aspartic Acid	mM	6											
pseudo5_N2C3_1	set2IT092	L-Glutamic (C)	6/12/2014 pseudo5_N2-C3_1_ML2_set2	92	2102886	15307	1233667	1231071	158	601	237.063547082611	0.178910759016786	0.168283218273001	0.940972119239144	0.933093528499094	0.160220910650895	0.0359179191434161	-0.0219640998089224	1.18937703977522	carbon source	L-Glutamic acid monopotassium salt monohydrate carbon source	pseudo5_N2-C3_1_ML2	Jayashree	6/12/2014	pseudo5_N2-C3_1_ML2_set2	IT092	RCH2_defined_noCarbon	30	7.2	tube	Aerobic	Liquid	200 rpm	L-Glutamic acid monopotassium salt monohydrate	mM	20											
pseudo5_N2C3_1	set2IT094	L-Asparagine (C)	6/12/2014 pseudo5_N2-C3_1_ML2_set2	94	2492134	10851	1463673	1460793	181	601	281.300404390526	0.288687211642846	0.168991372446582	0.936253800791428	0.933093528499094	0.242168700343137	0.0337072180341297	-0.0236555789349089	2.1138048578476	carbon source	L-Asparagine carbon source	pseudo5_N2-C3_1_ML2	Jayashree	6/12/2014	pseudo5_N2-C3_1_ML2_set2	IT094	RCH2_defined_noCarbon	30	7.2	tube	Aerobic	Liquid	200 rpm	L-Asparagine	mM	10											
pseudo5_N2C3_1	set2IT095	L-Glutamine (C)	6/12/2014 pseudo5_N2-C3_1_ML2_set2	95	2653494	20945	1556526	1553088	199	601	299.073367995378	0.235703284533157	0.163616490888803	0.926119585266338	0.933093528499094	0.239499459238239	0.0245474921427722	-0.0304038590407473	1.24789629967175	carbon source	L-Glutamine carbon source	pseudo5_N2-C3_1_ML2	Jayashree	6/12/2014	pseudo5_N2-C3_1_ML2_set2	IT095	RCH2_defined_noCarbon	30	7.2	tube	Aerobic	Liquid	200 rpm	L-Glutamine	mM	20											
pseudo5_N2C3_1	set2IT096	L-Proline (C)	6/12/2014 pseudo5_N2-C3_1_ML2_set2	96	2240541	13419	1316853	1313861	169	601	253.006162141344	0.212932347473463	0.175712333040813	0.925999418556223	0.933093528499094	0.199524849655297	0.0535673123156227	-0.00977590152921357	0.994329087303558	carbon source	L-Proline carbon source	pseudo5_N2-C3_1_ML2	Jayashree	6/12/2014	pseudo5_N2-C3_1_ML2_set2	IT096	RCH2_defined_noCarbon	30	7.2	tube	Aerobic	Liquid	200 rpm	L-Proline	mM	20											
pseudo5_N2C3_1	set4IT001	nitrite 10 mM	10/6/2014 pseudo5_N2-C3_1_ML2_set4	121	874222	6058	511325	510402	64	734	98.2865395725014	0.148203630846762	0.261497180087458	0.940293753875732	0.915959132035925	0.121535521682244	0.0484465613259583	0.0205158347476517	1.75598244951489	stress	LB with Sodium nitrite 10 mM	pseudo5_N2-C3_1_ML2	Adam	10/6/2014	pseudo5_N2-C3_1_ML2_set4	IT001	LB	25		48 well microplate; Tecan Infinite F200	Aerobic	Liquid	orbital	Sodium nitrite	mM	10										983	A1,A2
pseudo5_N2C3_1	set4IT002	nitrate 200 mM	10/6/2014 pseudo5_N2-C3_1_ML2_set4	122	1010570	7025	590536	589482	74	734	113.514731369151	0.161192095591063	0.240636712537101	0.932885804141463	0.915959132035925	0.158465147014226	0.077913149997226	0.0145049770039083	1.42244965102065	stress	LB with Sodium nitrate 200 mM	pseudo5_N2-C3_1_ML2	Adam	10/6/2014	pseudo5_N2-C3_1_ML2_set4	IT002	LB	25		48 well microplate; Tecan Infinite F200	Aerobic	Liquid	orbital	Sodium nitrate	mM	200										983	B3,B4
pseudo5_N2C3_1	set4IT003	Sisomicin 0.001 mg/ml	10/6/2014 pseudo5_N2-C3_1_ML2_set4	123	1019753	6512	596986	595358	73	734	114.646254573464	0.212691583503771	0.318818996479991	0.967083473572239	0.915959132035925	0.162035627561264	0.0682572284897721	0.00252906433705741	3.41034645246781	stress	LB with Sisomicin sulfate salt 0.001 mg/ml	pseudo5_N2-C3_1_ML2	Adam	10/6/2014	pseudo5_N2-C3_1_ML2_set4	IT003	LB	25		48 well microplate; Tecan Infinite F200	Aerobic	Liquid	orbital	Sisomicin sulfate salt	mg/ml	0.001										983	B5,B6
pseudo5_N2C3_1	set4IT004	Chlorite 0.04 mM	10/6/2014 pseudo5_N2-C3_1_ML2_set4	124	999828	7761	585105	583928	74	734	112.445214712112	0.198696271785435	0.259225961987789	0.934034581771864	0.915959132035925	0.109822852400637	-0.00706608202992821	0.00807710513901783	1.51639988202996	stress	LB with Sodium Chlorite 0.04 mM	pseudo5_N2-C3_1_ML2	Adam	10/6/2014	pseudo5_N2-C3_1_ML2_set4	IT004	LB	25		48 well microplate; Tecan Infinite F200	Aerobic	Liquid	orbital	Sodium Chlorite	mM	0.04										983	D1,D2
pseudo5_N2C3_1	set4IT005	Chlorite 0.08 mM	10/6/2014 pseudo5_N2-C3_1_ML2_set4	125	1097459	8894	641936	640441	80	734	123.32774889274	0.218860294030682	0.248081625654168	0.950668682160976	0.915959132035925	0.150975967357855	-0.0546971920181046	-0.00993937938196271	2.62481182528483	stress	LB with Sodium Chlorite 0.08 mM	pseudo5_N2-C3_1_ML2	Adam	10/6/2014	pseudo5_N2-C3_1_ML2_set4	IT005	LB	25		48 well microplate; Tecan Infinite F200	Aerobic	Liquid	orbital	Sodium Chlorite	mM	0.08										983	D3,D4
pseudo5_N2C3_1	set4IT006	perchlorate 75 mM	10/6/2014 pseudo5_N2-C3_1_ML2_set4	126	1173229	8331	686250	684767	85	734	131.863470055844	0.202494743215809	0.242150258246832	0.954196310386875	0.915959132035925	0.192842440964689	0.0142665440722084	0.0189695354782323	1.67906645393982	stress	LB with Sodium perchlorate monohydrate 75 mM	pseudo5_N2-C3_1_ML2	Adam	10/6/2014	pseudo5_N2-C3_1_ML2_set4	IT006	LB	25		48 well microplate; Tecan Infinite F200	Aerobic	Liquid	orbital	Sodium perchlorate monohydrate	mM	75										983	E1,E2
pseudo5_N2C3_1	set4IT010	Benzethonium chloride 0.025 mM	10/6/2014 pseudo5_N2-C3_1_ML2_set4	130	2435215	17442	1423896	1421227	182	734	273.681301752359	0.159917971161957	0.188803878730751	0.943416471633633	0.915959132035925	0.172088566223639	0.00254635836247445	0.026992848652333	1.24009784085103	stress	LB with Benzethonium chloride 0.025 mM	pseudo5_N2-C3_1_ML2	Adam	10/6/2014	pseudo5_N2-C3_1_ML2_set4	IT010	LB	25		48 well microplate; Tecan Infinite F200	Aerobic	Liquid	orbital	Benzethonium chloride	mM	0.025										984	A3,A4
pseudo5_N2C3_1	set4IT011	Benzalkonium Chloride 0.008 mg/ml	10/6/2014 pseudo5_N2-C3_1_ML2_set4	131	2458584	17909	1434558	1432200	182	734	275.79433853264	0.187383971998227	0.197118588590816	0.950881343577743	0.915959132035925	0.115186196165356	-0.00361259318091766	0.0133381420440616	1.3050690965313	stress	LB with Benzalkonium Chloride 0.008 mg/ml	pseudo5_N2-C3_1_ML2	Adam	10/6/2014	pseudo5_N2-C3_1_ML2_set4	IT011	LB	25		48 well microplate; Tecan Infinite F200	Aerobic	Liquid	orbital	Benzalkonium Chloride	mg/ml	0.008										984	B1,B2
pseudo5_N2C3_1	set4IT012	Benzalkonium Chloride 0.016 mg/ml	10/6/2014 pseudo5_N2-C3_1_ML2_set4	132	2907695	22311	1678699	1673642	202	734	322.288080107837	0.302272707845294	0.238329119085585	0.966184770910187	0.915959132035925	0.240367515248032	0.0421607440517786	0.0217130069219197	4.53241109567666	stress	LB with Benzalkonium Chloride 0.016 mg/ml	pseudo5_N2-C3_1_ML2	Adam	10/6/2014	pseudo5_N2-C3_1_ML2_set4	IT012	LB	25		48 well microplate; Tecan Infinite F200	Aerobic	Liquid	orbital	Benzalkonium Chloride	mg/ml	0.016										984	B3,B4
pseudo5_N2C3_1	set4IT013	Aluminum chloride 5 mM	10/6/2014 pseudo5_N2-C3_1_ML2_set4	133	2761991	18929	1622507	1619564	205	734	311.874446370114	0.187128729607179	0.200117670424194	0.941057908555508	0.915959132035925	0.102491155461808	0.0179894294035899	-0.0101256134401834	1.45372427569907	stress	LB with Aluminum chloride hydrate 5 mM	pseudo5_N2-C3_1_ML2	Adam	10/6/2014	pseudo5_N2-C3_1_ML2_set4	IT013	LB	25		48 well microplate; Tecan Infinite F200	Aerobic	Liquid	orbital	Aluminum chloride hydrate	mM	5										984	C1,C2
pseudo5_N2C3_1	set4IT017	Bacitracin 2 mg/ml	10/6/2014 pseudo5_N2-C3_1_ML2_set4	137	2642070	21104	1540234	1537521	193	734	296.075678798382	0.189150197527941	0.189836868912535	0.954554210429169	0.915959132035925	0.156791238307826	0.0602854758638738	-0.00889080920369978	1.2642980305462	stress	LB with Bacitracin 2 mg/ml	pseudo5_N2-C3_1_ML2	Adam	10/6/2014	pseudo5_N2-C3_1_ML2_set4	IT017	LB	25		48 well microplate; Tecan Infinite F200	Aerobic	Liquid	orbital	Bacitracin	mg/ml	2										984	E3,E4
pseudo5_N2C3_1	set4IT018	Fusidic 0.1 mg/ml	10/6/2014 pseudo5_N2-C3_1_ML2_set4	138	2591117	17923	1520805	1518383	192	734	292.390333140766	0.139119404677445	0.170059157046264	0.94999542911316	0.915959132035925	0.0943898488984256	0.0475774145756143	0.000601455409553449	4.55856558412762	stress	LB with Fusidic acid sodium salt 0.1 mg/ml	pseudo5_N2-C3_1_ML2	Adam	10/6/2014	pseudo5_N2-C3_1_ML2_set4	IT018	LB	25		48 well microplate; Tecan Infinite F200	Aerobic	Liquid	orbital	Fusidic acid sodium salt	mg/ml	0.1										984	E7,E8
pseudo5_N2C3_1	set4IT021	D-Cycloserine 0.1 mg/ml	10/6/2014 pseudo5_N2-C3_1_ML2_set4	141	2784644	18274	1632484	1629723	207	734	313.830733679954	0.151044026766181	0.171704794643215	0.937018027010149	0.915959132035925	0.116452822707268	0.0213694218339979	0.0158604779427156	1.37864479731912	stress	LB with D-Cycloserine 0.1 mg/ml	pseudo5_N2-C3_1_ML2	Adam	10/6/2014	pseudo5_N2-C3_1_ML2_set4	IT021	LB	25		48 well microplate; Tecan Infinite F200	Aerobic	Liquid	orbital	D-Cycloserine	mg/ml	0.1										985	D3,D4
pseudo5_N2C3_1	set4IT022	Doxycycline hyclate 0.0001 mg/ml	10/6/2014 pseudo5_N2-C3_1_ML2_set4	142	2703799	18607	1612282	1608421	184	734	309.728673213942	0.272372632251722	0.195256188809011	0.952362156253462	0.915959132035925	0.204213757167592	0.0654870164531035	-0.0293021588612154	8.00698125769591	stress	LB with Doxycycline hyclate 0.0001 mg/ml	pseudo5_N2-C3_1_ML2	Adam	10/6/2014	pseudo5_N2-C3_1_ML2_set4	IT022	LB	25		48 well microplate; Tecan Infinite F200	Aerobic	Liquid	orbital	Doxycycline hyclate	mg/ml	1e-04										985	E5,E6
pseudo5_N2C3_1	set4IT023	LB	10/6/2014 pseudo5_N2-C3_1_ML2_set4	143	2407979	16073	1411409	1409164	179	734	271.358367032544	0.105723661123175	0.172788723909088	0.940339456232393	0.915959132035925	0.0974285091829161	-0.00783222200561888	0.0106638082139781	0.994694233811594	lb	LB	pseudo5_N2-C3_1_ML2	Adam	10/6/2014	pseudo5_N2-C3_1_ML2_set4	IT023	LB	25		48 well microplate; Tecan Infinite F200	Aerobic	Liquid	orbital													985	F7,F8
pseudo5_N2C3_1	set4IT024	Rifampicin 0.0016 mg/ml	10/6/2014 pseudo5_N2-C3_1_ML2_set4	144	2629994	19712	1538225	1535320	195	734	295.651839014057	0.162216473723754	0.18245995664141	0.947768971233802	0.915959132035925	0.139770154334734	-0.00133696773042353	0.0117211126527313	1.35324573850035	stress	LB with Rifampicin 0.0016 mg/ml	pseudo5_N2-C3_1_ML2	Adam	10/6/2014	pseudo5_N2-C3_1_ML2_set4	IT024	LB	25		48 well microplate; Tecan Infinite F200	Aerobic	Liquid	orbital	Rifampicin	mg/ml	0.0016										982	A1,A2
pseudo5_N2C3_1	set4IT025	Rifampicin 0.0024 mg/ml	10/6/2014 pseudo5_N2-C3_1_ML2_set4	145	2708013	22489	1575605	1572291	197	734	302.7712305026	0.253767935935683	0.189213585191545	0.943913792229718	0.915959132035925	0.181554845972838	-0.0166370767256247	0.0109510027757005	3.44487915805808	stress	LB with Rifampicin 0.0024 mg/ml	pseudo5_N2-C3_1_ML2	Adam	10/6/2014	pseudo5_N2-C3_1_ML2_set4	IT025	LB	25		48 well microplate; Tecan Infinite F200	Aerobic	Liquid	orbital	Rifampicin	mg/ml	0.0024										982	A3,A4
pseudo5_N2C3_1	set4IT026	Chloramphenicol 0.005 mg/ml	10/6/2014 pseudo5_N2-C3_1_ML2_set4	146	2641609	17863	1548571	1545667	200	734	297.644328904294	0.149671393184534	0.180088816267547	0.933780435717468	0.915959132035925	0.101617930242224	0.0357417531372923	0.00139326418176011	2.17922871886407	stress	LB with Chloramphenicol 0.005 mg/ml	pseudo5_N2-C3_1_ML2	Adam	10/6/2014	pseudo5_N2-C3_1_ML2_set4	IT026	LB	25		48 well microplate; Tecan Infinite F200	Aerobic	Liquid	orbital	Chloramphenicol	mg/ml	0.005										982	B3,B4
pseudo5_N2C3_1	set4IT027	Tetracycline 0.0001 mg/ml	10/6/2014 pseudo5_N2-C3_1_ML2_set4	147	2672460	18152	1568882	1565811	202	734	301.523396880416	0.156899945677113	0.17250696435493	0.94721062182315	0.915959132035925	0.126562207423516	0.0506304075016813	0.00919219488656372	2.59728686523094	stress	LB with Tetracycline hydrochloride 0.0001 mg/ml	pseudo5_N2-C3_1_ML2	Adam	10/6/2014	pseudo5_N2-C3_1_ML2_set4	IT027	LB	25		48 well microplate; Tecan Infinite F200	Aerobic	Liquid	orbital	Tetracycline hydrochloride	mg/ml	1e-04										982	B5,B6
pseudo5_N2C3_1	set4IT028	Spectinomycin 0.0125 mg/ml	10/6/2014 pseudo5_N2-C3_1_ML2_set4	148	2692815	18656	1580068	1576807	201	734	303.640862699788	0.195677754685015	0.171231132171002	0.955320921771973	0.915959132035925	0.173491390841277	0.0304392248795115	0.00402973845363454	1.75601742964946	stress	LB with Spectinomycin dihydrochloride pentahydrate 0.0125 mg/ml	pseudo5_N2-C3_1_ML2	Adam	10/6/2014	pseudo5_N2-C3_1_ML2_set4	IT028	LB	25		48 well microplate; Tecan Infinite F200	Aerobic	Liquid	orbital	Spectinomycin dihydrochloride pentahydrate	mg/ml	0.0125										982	C3,C4
pseudo5_N2C3_1	set4IT029	Spectinomycin 0.025 mg/ml	10/6/2014 pseudo5_N2-C3_1_ML2_set4	149	2636884	17122	1544840	1541481	188	734	296.838243789717	0.246524120264205	0.184644441003923	0.930822407144971	0.915959132035925	0.223385157347225	0.0719425254718787	0.00781253243434842	2.982929100346	stress	LB with Spectinomycin dihydrochloride pentahydrate 0.025 mg/ml	pseudo5_N2-C3_1_ML2	Adam	10/6/2014	pseudo5_N2-C3_1_ML2_set4	IT029	LB	25		48 well microplate; Tecan Infinite F200	Aerobic	Liquid	orbital	Spectinomycin dihydrochloride pentahydrate	mg/ml	0.025										982	C5,C6
pseudo5_N2C3_1	set4IT031	Nalidixic 0.004 mg/ml	10/6/2014 pseudo5_N2-C3_1_ML2_set4	151	2555842	18687	1493041	1490251	178	734	286.973040631619	0.278343955698416	0.18414295363941	0.950232163224543	0.915959132035925	0.170023873394529	0.00125704967005207	-0.0211536822537374	5.17420666026774	stress	LB with Nalidixic acid sodium salt 0.004 mg/ml	pseudo5_N2-C3_1_ML2	Adam	10/6/2014	pseudo5_N2-C3_1_ML2_set4	IT031	LB	25		48 well microplate; Tecan Infinite F200	Aerobic	Liquid	orbital	Nalidixic acid sodium salt	mg/ml	0.004										982	D7,D8
pseudo5_N2C3_1	set4IT034	LB	10/6/2014 pseudo5_N2-C3_1_ML2_set4	154	2505210	16950	1465362	1463184	182	734	281.760831889081	0.126071617643465	0.172715984923861	0.950901639672876	0.915959132035925	0.107004653411652	0.0308684604570398	0.0217850892900495	1.33502328792705	lb	LB	pseudo5_N2-C3_1_ML2	Adam	10/6/2014	pseudo5_N2-C3_1_ML2_set4	IT034	LB	25		48 well microplate; Tecan Infinite F200	Aerobic	Liquid	orbital													982	F7,F8
pseudo5_N2C3_1	set4IT039	methylglyoxal 0.016 vol%	10/8/2014 pseudo5_N2-C3_1_ML2_set4	159	2516632	17758	1470828	1467702	182	535	282.630849220104	0.267536375567945	0.256147582782696	0.971015841835858	0.919118802066469	0.231525444574763	0.00613005332028657	-0.0653666688810998	3.05361002943999	stress	LB with methylglyoxal 0.016 vol%	pseudo5_N2-C3_1_ML2	Adam	10/8/2014	pseudo5_N2-C3_1_ML2_set4	IT039	LB	25		48 well microplate; Tecan Infinite F200	Aerobic	Liquid	orbital	methylglyoxal	vol%	0.016										988	B3,B4
pseudo5_N2C3_1	set4IT041	Vanillin 1.25 mM	10/8/2014 pseudo5_N2-C3_1_ML2_set4	161	2474502	16328	1447023	1444921	185	535	278.243982283844	0.101221811404976	0.179559809734535	0.956817142581094	0.919118802066469	0.118525267741807	0.001562736562589	-0.00266852141065306	1.79922530210884	stress	LB with Vanillin 1.25 mM	pseudo5_N2-C3_1_ML2	Adam	10/8/2014	pseudo5_N2-C3_1_ML2_set4	IT041	LB	25		48 well microplate; Tecan Infinite F200	Aerobic	Liquid	orbital	Vanillin	mM	1.25	Dimethyl Sulfoxide	vol%	0.053571429							988	D3,D4
pseudo5_N2C3_1	set4IT042	Vanillin 2.5 mM	10/8/2014 pseudo5_N2-C3_1_ML2_set4	162	2613648	17543	1530798	1528518	194	535	294.341998844598	0.158970800785988	0.180611757233741	0.944277268299557	0.919118802066469	0.142637042656226	0.00714953295149008	-0.0157331279046245	2.34526005413147	stress	LB with Vanillin 2.5 mM	pseudo5_N2-C3_1_ML2	Adam	10/8/2014	pseudo5_N2-C3_1_ML2_set4	IT042	LB	25		48 well microplate; Tecan Infinite F200	Aerobic	Liquid	orbital	Vanillin	mM	2.5	Dimethyl Sulfoxide	vol%	0.107142857							988	D5,D6
pseudo5_N2C3_1	set4IT043	syringaldehyde 5 mM	10/8/2014 pseudo5_N2-C3_1_ML2_set4	163	2586202	15701	1506336	1503905	186	535	289.602349316387	0.186504643556576	0.182342534582687	0.94363669679805	0.919118802066469	0.116394267453574	0.0104517331159041	-0.0128519649315031	3.46323634307713	stress	LB with syringaldehyde 5 mM	pseudo5_N2-C3_1_ML2	Adam	10/8/2014	pseudo5_N2-C3_1_ML2_set4	IT043	LB	25		48 well microplate; Tecan Infinite F200	Aerobic	Liquid	orbital	syringaldehyde	mM	5	Dimethyl Sulfoxide	vol%	0.214285714							988	E7,E8
pseudo5_N2C3_1	set4IT044	syringaldehyde 10 mM	10/8/2014 pseudo5_N2-C3_1_ML2_set4	164	2660273	15697	1557372	1554710	195	535	299.385711534758	0.1899001790435	0.17599137048247	0.929854329439223	0.919118802066469	0.144494155521793	-0.00265298339410303	-0.00222582999472107	1.65113141818364	stress	LB with syringaldehyde 10 mM	pseudo5_N2-C3_1_ML2	Adam	10/8/2014	pseudo5_N2-C3_1_ML2_set4	IT044	LB	25		48 well microplate; Tecan Infinite F200	Aerobic	Liquid	orbital	syringaldehyde	mM	10	Dimethyl Sulfoxide	vol%	0.428571429							988	F1,F2
pseudo5_N2C3_1	set4IT045	LB	10/8/2014 pseudo5_N2-C3_1_ML2_set4	165	2627332	16823	1539107	1536712	195	535	295.919892162526	0.119071417921148	0.164742383399569	0.931557873637203	0.919118802066469	0.0766745123594856	0.0606524403726453	0.0042534399873165	1.04841981058826	lb	LB	pseudo5_N2-C3_1_ML2	Adam	10/8/2014	pseudo5_N2-C3_1_ML2_set4	IT045	LB	25		48 well microplate; Tecan Infinite F200	Aerobic	Liquid	orbital													988	F7,F8
pseudo5_N2C3_1	set5IT052	Choline chloride 300 mM	10/8/2014 pseudo5_N2-C3_1_ML2_set5	172	2289846	15164	1344050	1341808	171	517	258.387829770845	0.244147850057219	0.186790912145115	0.953573868791222	0.93744010035295	0.17368966896946	0.0372379283899988	0.0102797401890628	1.77183499691873	stress	LB with Choline chloride 300 mM	pseudo5_N2-C3_1_ML2	Adam	10/8/2014	pseudo5_N2-C3_1_ML2_set5	IT052	LB	25		48 well microplate; Tecan Infinite F200	Aerobic	Liquid	orbital	Choline chloride	mM	300										989	A3,A4
pseudo5_N2C3_1	set5IT053	Choline chloride 500 mM	10/8/2014 pseudo5_N2-C3_1_ML2_set5	173	2406717	16220	1411283	1408578	169	517	271.24552281918	0.242985166275352	0.207657564282031	0.962025573383351	0.93744010035295	0.183238093992396	0.0913806637663468	-0.0114370568185382	4.37355972869987	stress	LB with Choline chloride 500 mM	pseudo5_N2-C3_1_ML2	Adam	10/8/2014	pseudo5_N2-C3_1_ML2_set5	IT053	LB	25		48 well microplate; Tecan Infinite F200	Aerobic	Liquid	orbital	Choline chloride	mM	500										989	A5,A6
pseudo5_N2C3_1	set5IT054	Cholin acetate 20 mM	10/8/2014 pseudo5_N2-C3_1_ML2_set5	174	2467542	14008	1438015	1435681	174	517	276.46466397073	0.18293617435936	0.189472065974838	0.957248005893859	0.93744010035295	0.170276493775924	0.0540486697943686	-0.00459000108021677	2.49703798971383	stress	LB with Cholin acetate 20 mM	pseudo5_N2-C3_1_ML2	Adam	10/8/2014	pseudo5_N2-C3_1_ML2_set5	IT054	LB	25		48 well microplate; Tecan Infinite F200	Aerobic	Liquid	orbital	Cholin acetate	mM	20										989	B1,B2
pseudo5_N2C3_1	set5IT055	Cholin acetate 40 mM	10/8/2014 pseudo5_N2-C3_1_ML2_set5	175	2484273	14747	1446900	1444508	173	517	278.164452147121	0.253330747812722	0.221295187341494	0.952357128159911	0.93744010035295	0.204488625895021	0.0412188477775551	-0.00625774264701018	2.58194627902839	stress	LB with Cholin acetate 40 mM	pseudo5_N2-C3_1_ML2	Adam	10/8/2014	pseudo5_N2-C3_1_ML2_set5	IT055	LB	25		48 well microplate; Tecan Infinite F200	Aerobic	Liquid	orbital	Cholin acetate	mM	40										989	B3,B4
pseudo5_N2C3_1	set5IT056	acetate 40 mM	10/8/2014 pseudo5_N2-C3_1_ML2_set5	176	2390317	14646	1389407	1387496	166	517	267.185827074909	0.206234167732291	0.211112599846391	0.962059328443963	0.93744010035295	0.211159750524063	0.0200642547415188	0.0100255593028612	3.08489680394397	stress	LB with Sodium acetate 40 mM	pseudo5_N2-C3_1_ML2	Adam	10/8/2014	pseudo5_N2-C3_1_ML2_set5	IT056	LB	25		48 well microplate; Tecan Infinite F200	Aerobic	Liquid	orbital	Sodium acetate	mM	40										989	C1,C2
pseudo5_N2C3_1	set5IT057	1-ethyl-3-methylimidazolium lysine 10 mM	10/8/2014 pseudo5_N2-C3_1_ML2_set5	177	2348926	15330	1378335	1376103	173	517	264.991912189486	0.229051737968421	0.198371607950214	0.950064080774199	0.93744010035295	0.190217389993624	0.0385743305363289	0.0212670149951031	1.65064592543642	stress	LB with 1-ethyl-3-methylimidazolium lysine 10 mM	pseudo5_N2-C3_1_ML2	Adam	10/8/2014	pseudo5_N2-C3_1_ML2_set5	IT057	LB	25		48 well microplate; Tecan Infinite F200	Aerobic	Liquid	orbital	1-ethyl-3-methylimidazolium lysine	mM	10										989	C5,C6
pseudo5_N2C3_1	set5IT058	1-ethyl-3-methylimidazolium acetate 5 mM	10/8/2014 pseudo5_N2-C3_1_ML2_set5	178	2436844	14076	1423019	1420944	175	517	273.626805314847	0.148202828576841	0.190465499907056	0.960889836696304	0.93744010035295	0.111274616079605	0.0278526172296621	-0.0147895136094456	1.97667331149163	stress	LB with 1-ethyl-3-methylimidazolium acetate 5 mM	pseudo5_N2-C3_1_ML2	Adam	10/8/2014	pseudo5_N2-C3_1_ML2_set5	IT058	LB	25		48 well microplate; Tecan Infinite F200	Aerobic	Liquid	orbital	1-ethyl-3-methylimidazolium acetate	mM	5										989	D1,D2
pseudo5_N2C3_1	set5IT059	1-ethyl-3-methylimidazolium acetate 10 mM	10/8/2014 pseudo5_N2-C3_1_ML2_set5	179	2493246	14944	1450753	1448606	175	517	278.953591373002	0.195281052132662	0.213169946081714	0.939067407035982	0.93744010035295	0.180399054629681	0.0592496627693928	-0.0128405367067156	3.94423480701028	stress	LB with 1-ethyl-3-methylimidazolium acetate 10 mM	pseudo5_N2-C3_1_ML2	Adam	10/8/2014	pseudo5_N2-C3_1_ML2_set5	IT059	LB	25		48 well microplate; Tecan Infinite F200	Aerobic	Liquid	orbital	1-ethyl-3-methylimidazolium acetate	mM	10										989	D3,D4
pseudo5_N2C3_1	set5IT060	1-ethyl-3-methylimidazolium acetate 20 mM	10/8/2014 pseudo5_N2-C3_1_ML2_set5	180	2518356	16228	1463580	1461114	176	517	281.362218370884	0.202026578996897	0.201940096034582	0.929302822757746	0.93744010035295	0.15733360036687	0.0442026835921447	0.0162188482719114	3.88371823309612	stress	LB with 1-ethyl-3-methylimidazolium acetate 20 mM	pseudo5_N2-C3_1_ML2	Adam	10/8/2014	pseudo5_N2-C3_1_ML2_set5	IT060	LB	25		48 well microplate; Tecan Infinite F200	Aerobic	Liquid	orbital	1-ethyl-3-methylimidazolium acetate	mM	20										989	D5,D6
pseudo5_N2C3_1	set5IT061	1-ethyl-3-methylimidazolium chloride 200 mM	10/8/2014 pseudo5_N2-C3_1_ML2_set5	181	2388219	16476	1427932	1424950	166	517	274.398228384364	0.222127043495192	0.301812178189357	0.983667370731006	0.93744010035295	0.146845052141089	0.00365022517001446	-0.00426614894538311	4.45762301636023	stress	LB with 1-ethyl-3-methylimidazolium chloride 200 mM	pseudo5_N2-C3_1_ML2	Adam	10/8/2014	pseudo5_N2-C3_1_ML2_set5	IT061	LB	25		48 well microplate; Tecan Infinite F200	Aerobic	Liquid	orbital	1-ethyl-3-methylimidazolium chloride	mM	200										989	E3,E4
pseudo5_N2C3_1	set5IT064	Cephalothin 2 mg/ml	10/8/2014 pseudo5_N2-C3_1_ML2_set5	184	2134981	13152	1247043	1245296	154	517	239.802811476988	0.158084645309032	0.189406062671166	0.955605880641547	0.93744010035295	0.142525078653005	0.014050281945102	-0.00322327006028639	1.34038372750557	stress	LB with Cephalothin sodium salt 2 mg/ml	pseudo5_N2-C3_1_ML2	Adam	10/8/2014	pseudo5_N2-C3_1_ML2_set5	IT064	LB	25		48 well microplate; Tecan Infinite F200	Aerobic	Liquid	orbital	Cephalothin sodium salt	mg/ml	2										990	B5,B6
pseudo5_N2C3_1	set5IT065	Lomefloxacin 0.0005 mM	10/8/2014 pseudo5_N2-C3_1_ML2_set5	185	2026632	16877	1185631	1179870	91	517	227.203928365107	0.263777726268264	0.281253771272448	1	0.93744010035295	0.239995347109473	0.0507935184737425	-0.0360570914731153	8.72377243098628	stress	LB with Lomefloxacin hydrochloride 0.0005 mM	pseudo5_N2-C3_1_ML2	Adam	10/8/2014	pseudo5_N2-C3_1_ML2_set5	IT065	LB	25		48 well microplate; Tecan Infinite F200	Aerobic	Liquid	orbital	Lomefloxacin hydrochloride	mM	5e-04										990	D1,D2
pseudo5_N2C3_1	set5IT067	Ceftazidime 0.2 mg/ml	10/8/2014 pseudo5_N2-C3_1_ML2_set5	187	2275063	19885	1333242	1329198	164	517	255.959560947429	0.118136326770848	0.197803765520646	0.949046068059261	0.93744010035295	0.0714683456132506	0.000506235105677003	-0.0244840755345035	3.67138438373578	stress	LB with Ceftazidime hydrate 0.2 mg/ml	pseudo5_N2-C3_1_ML2	Adam	10/8/2014	pseudo5_N2-C3_1_ML2_set5	IT067	LB	25		48 well microplate; Tecan Infinite F200	Aerobic	Liquid	orbital	Ceftazidime hydrate	mg/ml	0.2										990	F1,F2
pseudo5_N2C3_1	set5IT068	LB	10/8/2014 pseudo5_N2-C3_1_ML2_set5	188	2140610	13919	1252768	1250865	157	517	240.875216637782	0.133011201444409	0.182228670281143	0.938761939292045	0.93744010035295	0.0895364778759826	0.0439665417094284	0.0144549953397438	1.34663041005942	lb	LB	pseudo5_N2-C3_1_ML2	Adam	10/8/2014	pseudo5_N2-C3_1_ML2_set5	IT068	LB	25		48 well microplate; Tecan Infinite F200	Aerobic	Liquid	orbital													990	F3,F4
pseudo5_N2C3_1	set5IT069	L-Alanine (C)	12/17/2014 pseudo5_N2-C3_1_ML2_set5	189	2205082	15919	1291120	1289062	163	488	248.23069516657	0.223172681653884	0.178131034337516	0.94568558891328	0.931248897250754	0.172896499315757	0.0472524949486082	-0.0319098569879925	1.14452020941694	carbon source	L-Alanine carbon source	pseudo5_N2-C3_1_ML2	Mark	12/17/2014	pseudo5_N2-C3_1_ML2_set5	IT069	RCH2_defined_noCarbon	30	7	24 deep-well microplate; Multitron	Aerobic	Liquid	750 rpm	L-Alanine	mM	20											
pseudo5_N2C3_1	set5IT071	L-Isoleucine (C)	12/17/2014 pseudo5_N2-C3_1_ML2_set5	191	2210326	10973	1297262	1295042	165	488	249.382245330252	0.306890376305049	0.185664429123236	0.945552215977624	0.931248897250754	0.183032630096234	0.01792273508413	-0.0433003649070502	2.46619249982137	carbon source	L-Isoleucine carbon source	pseudo5_N2-C3_1_ML2	Mark	12/17/2014	pseudo5_N2-C3_1_ML2_set5	IT071	RCH2_defined_noCarbon	30	7	24 deep-well microplate; Multitron	Aerobic	Liquid	750 rpm	L-Isoleucine	mM	20											
pseudo5_N2C3_1	set5IT072	L-Leucine (C)	12/17/2014 pseudo5_N2-C3_1_ML2_set5	192	2020735	11985	1187955	1185803	150	488	228.34642788369	0.288804162343859	0.197012993103121	0.952913840091834	0.931248897250754	0.234220640398608	0.0105273807170525	-0.0314246048888405	2.4512390832627	carbon source	L-Leucine carbon source	pseudo5_N2-C3_1_ML2	Mark	12/17/2014	pseudo5_N2-C3_1_ML2_set5	IT072	RCH2_defined_noCarbon	30	7	24 deep-well microplate; Multitron	Aerobic	Liquid	750 rpm	L-Leucine	mM	20											
pseudo5_N2C3_1	set5IT073	D-Alanine (C)	12/17/2014 pseudo5_N2-C3_1_ML2_set5	193	2244969	14797	1311890	1309711	163	488	252.207009435779	0.297403006835583	0.185977424975698	0.944325826337389	0.931248897250754	0.23569381471812	0.0541071164986568	-0.0344462687127807	2.80417287939945	carbon source	D-Alanine carbon source	pseudo5_N2-C3_1_ML2	Mark	12/17/2014	pseudo5_N2-C3_1_ML2_set5	IT073	RCH2_defined_noCarbon	30	7	24 deep-well microplate; Multitron	Aerobic	Liquid	750 rpm	D-Alanine	mM	20											
pseudo5_N2C3_1	set5IT074	Carnitine Hydrochloride (C)	12/17/2014 pseudo5_N2-C3_1_ML2_set5	194	1898931	4287	1120450	1118547	142	488	215.395147313691	0.290561599959619	0.189227830477729	0.935580352501602	0.931248897250754	0.246958458090553	0.0549762008829786	-0.0321742786936453	1.18714526382714	carbon source	Carnitine Hydrochloride carbon source	pseudo5_N2-C3_1_ML2	Mark	12/17/2014	pseudo5_N2-C3_1_ML2_set5	IT074	RCH2_defined_noCarbon	30	7	24 deep-well microplate; Multitron	Aerobic	Liquid	750 rpm	Carnitine Hydrochloride	mM	20											
pseudo5_N2C3_1	set5IT075	casaminos (C)	12/17/2014 pseudo5_N2-C3_1_ML2_set5	195	2141766	10356	1259584	1257495	162	488	242.151935297516	0.13534447115113	0.174146157362769	0.949074301787429	0.931248897250754	0.173675907793136	-0.0159512743714227	-0.0256191709187058	1.3076962368652	carbon source	casamino acids carbon source	pseudo5_N2-C3_1_ML2	Mark	12/17/2014	pseudo5_N2-C3_1_ML2_set5	IT075	RCH2_defined_noCarbon	30	7	24 deep-well microplate; Multitron	Aerobic	Liquid	750 rpm	casamino acids	mg/ml	2											
pseudo5_N2C3_1	set5IT076	Putrescine (C)	12/17/2014 pseudo5_N2-C3_1_ML2_set5	196	2185230	12589	1285680	1283537	162	488	247.166762950125	0.325342898184328	0.195180389279951	0.939239231449143	0.931248897250754	0.277336728924861	0.0281378424335336	-0.0158844223445184	3.65025882828613	carbon source	Putrescine Dihydrochloride carbon source	pseudo5_N2-C3_1_ML2	Mark	12/17/2014	pseudo5_N2-C3_1_ML2_set5	IT076	RCH2_defined_noCarbon	30	7	24 deep-well microplate; Multitron	Aerobic	Liquid	750 rpm	Putrescine Dihydrochloride	mM	20											
pseudo5_N2C3_1	set5IT077	NAG (C)	12/17/2014 pseudo5_N2-C3_1_ML2_set5	197	2280533	3737	1345460	1342917	169	488	258.601386481802	0.320484685547906	0.185594772785247	0.948229739957631	0.931248897250754	0.259745517525524	0.0184366784956053	0.00142813878511536	1.94995694250362	carbon source	N-Acetyl-D-Glucosamine carbon source	pseudo5_N2-C3_1_ML2	Mark	12/17/2014	pseudo5_N2-C3_1_ML2_set5	IT077	RCH2_defined_noCarbon	30	7	24 deep-well microplate; Multitron	Aerobic	Liquid	750 rpm	N-Acetyl-D-Glucosamine	mM	20											
pseudo5_N2C3_1	set5IT078	D-Glucosamine Hydrochloride (C)	12/17/2014 pseudo5_N2-C3_1_ML2_set5	198	2318964	13636	1362646	1360509	171	488	261.989023685731	0.273697090552523	0.182770629393299	0.952432880065514	0.931248897250754	0.216279781348946	0.0107833746365375	-0.0146673355381478	4.36603368224342	carbon source	D-Glucosamine Hydrochloride carbon source	pseudo5_N2-C3_1_ML2	Mark	12/17/2014	pseudo5_N2-C3_1_ML2_set5	IT078	RCH2_defined_noCarbon	30	7	24 deep-well microplate; Multitron	Aerobic	Liquid	750 rpm	D-Glucosamine Hydrochloride	mM	20											
pseudo5_N2C3_1	set5IT079	Uridine (C)	12/17/2014 pseudo5_N2-C3_1_ML2_set5	199	2578104	16271	1508420	1506014	187	488	290.008472944348	0.226159017603756	0.179419653659085	0.943793229327825	0.931248897250754	0.192781562452706	0.0341278753198212	0.0107695657482094	1.50452002898213	carbon source	Uridine carbon source	pseudo5_N2-C3_1_ML2	Mark	12/17/2014	pseudo5_N2-C3_1_ML2_set5	IT079	RCH2_defined_noCarbon	30	7	24 deep-well microplate; Multitron	Aerobic	Liquid	750 rpm	Uridine	mM	20											
pseudo5_N2C3_1	set5IT080	Inosine (C)	12/17/2014 pseudo5_N2-C3_1_ML2_set5	200	2322124	13426	1359726	1357362	170	488	261.38301559792	0.288940303564725	0.181563964500529	0.945442854857622	0.931248897250754	0.192611278246083	-0.00543140048312876	-0.00497387158903498	2.42912545259628	carbon source	Inosine carbon source	pseudo5_N2-C3_1_ML2	Mark	12/17/2014	pseudo5_N2-C3_1_ML2_set5	IT080	RCH2_defined_noCarbon	30	7	24 deep-well microplate; Multitron	Aerobic	Liquid	750 rpm	Inosine	mM	10											
pseudo5_N2C3_1	set5IT081	Cytidine (C)	12/17/2014 pseudo5_N2-C3_1_ML2_set5	201	1923136	11678	1125625	1123686	140	488	216.384748700173	0.243493101103035	0.18563751805692	0.932204563993311	0.931248897250754	0.14814924352679	0.0116673620408756	-0.0102385181018055	1.37207371218784	carbon source	Cytidine carbon source	pseudo5_N2-C3_1_ML2	Mark	12/17/2014	pseudo5_N2-C3_1_ML2_set5	IT081	RCH2_defined_noCarbon	30	7	24 deep-well microplate; Multitron	Aerobic	Liquid	750 rpm	Cytidine	mM	20											
pseudo5_N2C3_1	set5IT082	D-Mannose (C)	12/17/2014 pseudo5_N2-C3_1_ML2_set5	202	2162045	9716	1273542	1271462	163	488	244.841517427306	0.205528601666319	0.182290383852134	0.926924816400194	0.931248897250754	0.185276346454282	0.0230127701705735	-0.012257780111551	1.11693176061397	carbon source	D-Mannose carbon source	pseudo5_N2-C3_1_ML2	Mark	12/17/2014	pseudo5_N2-C3_1_ML2_set5	IT082	RCH2_defined_noCarbon	30	7	24 deep-well microplate; Multitron	Aerobic	Liquid	750 rpm	D-Mannose	mM	20											
pseudo5_N2C3_1	set5IT084	L-Isoleucine (N)	12/17/2014 pseudo5_N2-C3_1_ML2_set5	204	2308640	10648	1359622	1357021	174	488	261.317350279222	0.287365682985099	0.18199572805299	0.932885804141463	0.931248897250754	0.204279922827167	0.0358587808798836	-0.0321031979806393	3.91665792244342	nitrogen source	L-Isoleucine nitrogen source	pseudo5_N2-C3_1_ML2	Mark	12/17/2014	pseudo5_N2-C3_1_ML2_set5	IT084	RCH2_defined_Glucose_noNitrogen	30	7	24 deep-well microplate; Multitron	Aerobic	Liquid	750 rpm	L-Isoleucine	mM	5											
pseudo5_N2C3_1	set5IT085	L-Leucine (N)	12/17/2014 pseudo5_N2-C3_1_ML2_set5	205	2313557	3717	1365646	1362796	172	488	262.429424224918	0.273449387620593	0.179647416117839	0.93662052236767	0.931248897250754	0.145719443659199	0.0187199992507688	0.0118470780018361	5.91502313445662	nitrogen source	L-Leucine nitrogen source	pseudo5_N2-C3_1_ML2	Mark	12/17/2014	pseudo5_N2-C3_1_ML2_set5	IT085	RCH2_defined_Glucose_noNitrogen	30	7	24 deep-well microplate; Multitron	Aerobic	Liquid	750 rpm	L-Leucine	mM	5											
pseudo5_N2C3_1	set5IT086	L-Phenylalanine (N)	12/17/2014 pseudo5_N2-C3_1_ML2_set5	206	2287398	3651	1349791	1347475	173	488	259.479106489505	0.208148234781305	0.177664914896354	0.941583313774678	0.931248897250754	0.204294774690021	0.0259955215553781	0.014794026747703	5.03954207289246	nitrogen source	L-Phenylalanine nitrogen source	pseudo5_N2-C3_1_ML2	Mark	12/17/2014	pseudo5_N2-C3_1_ML2_set5	IT086	RCH2_defined_Glucose_noNitrogen	30	7	24 deep-well microplate; Multitron	Aerobic	Liquid	750 rpm	L-Phenylalanine	mM	5											
pseudo5_N2C3_1	set5IT087	L-tyrosine (N)	12/17/2014 pseudo5_N2-C3_1_ML2_set5	207	2487141	13231	1478044	1475631	149	488	284.157712305026	0.240523276279294	0.191181969295324	0.946228743559019	0.931248897250754	0.193031496791656	0.0537145253927316	-0.0191297806688918	7.84478307537973	nitrogen source	L-tyrosine disodium salt nitrogen source	pseudo5_N2-C3_1_ML2	Mark	12/17/2014	pseudo5_N2-C3_1_ML2_set5	IT087	RCH2_defined_Glucose_noNitrogen	30	7	24 deep-well microplate; Multitron	Aerobic	Liquid	750 rpm	L-tyrosine disodium salt	mM	5											
pseudo5_N2C3_1	set5IT088	D-Serine (N)	12/17/2014 pseudo5_N2-C3_1_ML2_set5	208	1630959	9219	803737	801161	97	488	154.277103793568	0.292293023573457	0.234592160717175	0.956585307160575	0.931248897250754	0.183452095006602	0.00838832870982932	-0.010721128184027	4.4446803921696	nitrogen source	D-Serine nitrogen source	pseudo5_N2-C3_1_ML2	Mark	12/17/2014	pseudo5_N2-C3_1_ML2_set5	IT088	RCH2_defined_Glucose_noNitrogen	30	7	24 deep-well microplate; Multitron	Aerobic	Liquid	750 rpm	D-Serine	mM	5											
pseudo5_N2C3_1	set5IT089	D-Alanine (N)	12/17/2014 pseudo5_N2-C3_1_ML2_set5	209	1775383	10079	1042252	1040389	132	488	200.34450221452	0.172152862322939	0.197350573710334	0.928672470062466	0.931248897250754	0.188841388198645	0.0104396195470573	-0.0168159474166543	1.40156373699355	nitrogen source	D-Alanine nitrogen source	pseudo5_N2-C3_1_ML2	Mark	12/17/2014	pseudo5_N2-C3_1_ML2_set5	IT089	RCH2_defined_Glucose_noNitrogen	30	7	24 deep-well microplate; Multitron	Aerobic	Liquid	750 rpm	D-Alanine	mM	5											
pseudo5_N2C3_1	set5IT091	Gly-Glu (N)	12/17/2014 pseudo5_N2-C3_1_ML2_set5	211	2220758	12137	1292614	1290081	145	488	248.426920854997	0.250934949528466	0.19164282273125	0.937587037597112	0.931248897250754	0.179284576930582	0.00782930447113418	0.0135697576223	8.23920870095922	nitrogen source	Gly-Glu nitrogen source	pseudo5_N2-C3_1_ML2	Mark	12/17/2014	pseudo5_N2-C3_1_ML2_set5	IT091	RCH2_defined_Glucose_noNitrogen	30	7	24 deep-well microplate; Multitron	Aerobic	Liquid	750 rpm	Gly-Glu	mM	5											
pseudo5_N2C3_1	set5IT092	Carnitine Hydrochloride (N)	12/17/2014 pseudo5_N2-C3_1_ML2_set5	212	2292801	14398	1345805	1343745	171	488	258.760831889081	0.227193217895871	0.178571237998228	0.956996296422929	0.931248897250754	0.204347240331135	0.0288427279629104	-0.0385476425807695	1.4103770518708	nitrogen source	Carnitine Hydrochloride nitrogen source	pseudo5_N2-C3_1_ML2	Mark	12/17/2014	pseudo5_N2-C3_1_ML2_set5	IT092	RCH2_defined_Glucose_noNitrogen	30	7	24 deep-well microplate; Multitron	Aerobic	Liquid	750 rpm	Carnitine Hydrochloride	mM	5											
pseudo5_N2C3_1	set5IT093	Putrescine (N)	12/17/2014 pseudo5_N2-C3_1_ML2_set5	213	2312124	14259	1358673	1356286	171	488	261.175813595224	0.214402920167082	0.177598262148307	0.94805217064943	0.931248897250754	0.190329556407862	0.0504670378931399	-0.0280321600475728	1.89209580454811	nitrogen source	Putrescine Dihydrochloride nitrogen source	pseudo5_N2-C3_1_ML2	Mark	12/17/2014	pseudo5_N2-C3_1_ML2_set5	IT093	RCH2_defined_Glucose_noNitrogen	30	7	24 deep-well microplate; Multitron	Aerobic	Liquid	750 rpm	Putrescine Dihydrochloride	mM	5											
pseudo5_N2C3_1	set6IT049	D-Glucosamine Hydrochloride (N)	12/17/2014 pseudo5_N2-C3_1_ML2_set6	217	3047412	6680	1797791	1794828	226	635	345.624494511843	0.257361441233523	0.166866942388775	0.949462452121337	0.915695962258264	0.193308200502636	0.0785536841505234	0.0324304904012943	2.49009525574976	nitrogen source	D-Glucosamine Hydrochloride nitrogen source	pseudo5_N2-C3_1_ML2	Mark	12/17/2014	pseudo5_N2-C3_1_ML2_set6	IT049	RCH2_defined_Glucose_noNitrogen	30	7	24 deep-well microplate; Multitron	Aerobic	Liquid	750 rpm	D-Glucosamine Hydrochloride	mM	5											
pseudo5_N2C3_1	set6IT050	Adenosine (N)	12/17/2014 pseudo5_N2-C3_1_ML2_set6	218	3084722	16577	1820482	1817428	226	635	349.976506836126	0.259319121462204	0.165160839628774	0.932325729043481	0.915695962258264	0.191008735051518	0.036793720404744	-0.0419890878681691	5.57156081529464	nitrogen source	Adenosine nitrogen source	pseudo5_N2-C3_1_ML2	Mark	12/17/2014	pseudo5_N2-C3_1_ML2_set6	IT050	RCH2_defined_Glucose_noNitrogen	30	7	24 deep-well microplate; Multitron	Aerobic	Liquid	750 rpm	Adenosine	mM	5											
pseudo5_N2C3_1	set6IT051	Adenine (N)	12/17/2014 pseudo5_N2-C3_1_ML2_set6	219	3107845	13046	1823082	1819969	233	635	350.465819372232	0.22601231058194	0.16339100330253	0.938599455335856	0.915695962258264	0.163236367702664	0.0664379238307604	0.0154228539658898	1.46052651948587	nitrogen source	Adenine hydrochloride hydrate nitrogen source	pseudo5_N2-C3_1_ML2	Mark	12/17/2014	pseudo5_N2-C3_1_ML2_set6	IT051	RCH2_defined_Glucose_noNitrogen	30	7	24 deep-well microplate; Multitron	Aerobic	Liquid	750 rpm	Adenine hydrochloride hydrate	mM	5											
pseudo5_N2C3_1	set6IT052	Uridine (N)	12/17/2014 pseudo5_N2-C3_1_ML2_set6	220	2591715	5512	1527087	1524077	195	635	293.486809166185	0.207141358112369	0.176018063909901	0.93892271212838	0.915695962258264	0.154006554946898	0.0185458925297925	0.00105948865304094	1.14992027285671	nitrogen source	Uridine nitrogen source	pseudo5_N2-C3_1_ML2	Mark	12/17/2014	pseudo5_N2-C3_1_ML2_set6	IT052	RCH2_defined_Glucose_noNitrogen	30	7	24 deep-well microplate; Multitron	Aerobic	Liquid	750 rpm	Uridine	mM	5											
pseudo5_N2C3_1	set6IT053	Inosine (N)	12/17/2014 pseudo5_N2-C3_1_ML2_set6	221	2905960	15818	1611116	1608120	198	635	309.670710571924	0.291451810947827	0.177809911960315	0.956493965260259	0.915695962258264	0.146034237867426	0.0422614130500053	0.00476642074765346	3.04720331133854	nitrogen source	Inosine nitrogen source	pseudo5_N2-C3_1_ML2	Mark	12/17/2014	pseudo5_N2-C3_1_ML2_set6	IT053	RCH2_defined_Glucose_noNitrogen	30	7	24 deep-well microplate; Multitron	Aerobic	Liquid	750 rpm	Inosine	mM	5											
pseudo5_N2C3_1	set6IT054	Thymine (N)	12/17/2014 pseudo5_N2-C3_1_ML2_set6	222	2955199	7989	1740445	1737203	222	635	334.527825919507	0.192394430136127	0.169281867804599	0.943983866146718	0.915695962258264	0.199020373290776	0.0115122868970015	0.00466825534581698	1.39943465795969	nitrogen source	Thymine nitrogen source	pseudo5_N2-C3_1_ML2	Mark	12/17/2014	pseudo5_N2-C3_1_ML2_set6	IT054	RCH2_defined_Glucose_noNitrogen	30	7	24 deep-well microplate; Multitron	Aerobic	Liquid	750 rpm	Thymine	mM	5											
pseudo5_N2C3_1	set6IT055	Cytosine (N)	12/17/2014 pseudo5_N2-C3_1_ML2_set6	223	2948763	14940	1732608	1729582	221	635	333.060273445022	0.198273812586965	0.163440833204383	0.940061302146566	0.915695962258264	0.181162198326654	0.0697197213049324	-0.014837196856622	1.76971385401007	nitrogen source	Cytosine nitrogen source	pseudo5_N2-C3_1_ML2	Mark	12/17/2014	pseudo5_N2-C3_1_ML2_set6	IT055	RCH2_defined_Glucose_noNitrogen	30	7	24 deep-well microplate; Multitron	Aerobic	Liquid	750 rpm	Cytosine	mM	5											
pseudo5_N2C3_1	set6IT056	Ammonium chloride (N)	12/17/2014 pseudo5_N2-C3_1_ML2_set6	224	2871354	18393	1687008	1683911	218	635	324.265549778548	0.186139409223354	0.166181728852724	0.940656613052087	0.915695962258264	0.196075841220982	0.054483224460573	-0.0100397541755791	1.2863819874232	nitrogen source	Ammonium chloride nitrogen source	pseudo5_N2-C3_1_ML2	Mark	12/17/2014	pseudo5_N2-C3_1_ML2_set6	IT056	RCH2_defined_Glucose_noNitrogen	30	7	24 deep-well microplate; Multitron	Aerobic	Liquid	750 rpm	Ammonium chloride	mM	5											
pseudo5_N2C3_1	set6IT058	nitrite (N)	12/17/2014 pseudo5_N2-C3_1_ML2_set6	226	2925522	18602	1714915	1711989	212	635	329.672443674177	0.21396512444077	0.170975469277775	0.952642462417609	0.915695962258264	0.169721969937896	0.0311244676902874	-0.0191222236679122	1.75951794991644	nitrogen source	Sodium nitrite nitrogen source	pseudo5_N2-C3_1_ML2	Mark	12/17/2014	pseudo5_N2-C3_1_ML2_set6	IT058	RCH2_defined_Glucose_noNitrogen	30	7	24 deep-well microplate; Multitron	Aerobic	Liquid	750 rpm	Sodium nitrite	mM	5											
pseudo5_N2C3_1	set6IT059	Urea (N)	12/17/2014 pseudo5_N2-C3_1_ML2_set6	227	2651104	4277	852726	851043	104	635	163.882726747545	0.187331686384774	0.226918342810727	0.963925107122082	0.915695962258264	0.119094730092839	0.0210527500921592	-0.00019976672359619	3.5094203657616	nitrogen source	Urea nitrogen source	pseudo5_N2-C3_1_ML2	Mark	12/17/2014	pseudo5_N2-C3_1_ML2_set6	IT059	RCH2_defined_Glucose_noNitrogen	30	7	24 deep-well microplate; Multitron	Aerobic	Liquid	750 rpm	Urea	mM	5											
pseudo5_N2C3_1	set6IT063	outer cut, LB soft agar motility assay	12/17/2014 pseudo5_N2-C3_1_ML2_set6	231	2776600	14773	1537096	1534754	135	635	295.542846139033	0.237757762777459	0.374311456401907	1.03038711950734	0.915695962258264	0.185721656789058	0.0242252094772507	0.000237371099299056	9.08463075332758	motility	outer cut, LB soft agar motility assay	pseudo5_N2-C3_1_ML2	Mark	12/17/2014	pseudo5_N2-C3_1_ML2_set6	IT063	LB	30		Agar plate	Aerobic	Solid	0 rpm	Agar	g/L	3											
pseudo5_N2C3_1	set6IT064	outer cut, LB soft agar motility assay	12/17/2014 pseudo5_N2-C3_1_ML2_set6	232	2540961	12910	1429499	1427337	139	635	274.857885615251	0.211660523510844	0.357492426188404	1.0083645973659	0.915695962258264	0.156431609075866	0.063509692223634	-0.00598096204750678	8.27558219473535	motility	outer cut, LB soft agar motility assay	pseudo5_N2-C3_1_ML2	Mark	12/17/2014	pseudo5_N2-C3_1_ML2_set6	IT064	LB	30		Agar plate	Aerobic	Solid	0 rpm	Agar	g/L	3											
pseudo5_N2C3_1	set6IT065	outer cut, LB soft agar motility assay	12/17/2014 pseudo5_N2-C3_1_ML2_set6	233	2650742	14617	1502791	1500560	157	635	288.95821297901	0.200520304657294	0.355570600150146	1.04646718869636	0.915695962258264	0.169979893397971	0.070214985099993	-0.020671106377917	8.032093602497	motility	outer cut, LB soft agar motility assay	pseudo5_N2-C3_1_ML2	Mark	12/17/2014	pseudo5_N2-C3_1_ML2_set6	IT065	LB	30		Agar plate	Aerobic	Solid	0 rpm	Agar	g/L	3											
pseudo5_N2C3_1	set6IT066	outer cut, LB soft agar motility assay	12/17/2014 pseudo5_N2-C3_1_ML2_set6	234	2614512	12852	1463125	1460899	137	635	281.320816483728	0.200159245630137	0.345761629999335	1.01305615282545	0.915695962258264	0.190244417199759	0.0536502329809748	-0.0143481247326388	8.58434540116139	motility	outer cut, LB soft agar motility assay	pseudo5_N2-C3_1_ML2	Mark	12/17/2014	pseudo5_N2-C3_1_ML2_set6	IT066	LB	30		Agar plate	Aerobic	Solid	0 rpm	Agar	g/L	3											
pseudo5_N2C3_1	set6IT070	LB 10C	10/28/2014 pseudo5_N2-C3_1_ML2_set6	238	2277526	15219	1330620	1328528	164	900	255.830541113037	0.128028508799959	0.172896435339517	0.932885804141463	0.925907708236292	0.137507975780634	0.0396492046846722	0.0348507415442008	1.20170358624815	temperature	LB 10C	pseudo5_N2-C3_1_ML2	Jayashree	10/28/2014	pseudo5_N2-C3_1_ML2_set6	IT070	LB	10		tube	Aerobic	Liquid	200 rpm														
pseudo5_N2C3_1	set6IT071	LB 10C	10/28/2014 pseudo5_N2-C3_1_ML2_set6	239	2715036	18362	1586188	1583826	195	900	304.992489890237	0.139271239018762	0.152814852910218	0.938887131319907	0.925907708236292	0.155415860952003	0.0428028792481036	0.0208708777935072	0.837792504281497	temperature	LB 10C	pseudo5_N2-C3_1_ML2	Jayashree	10/28/2014	pseudo5_N2-C3_1_ML2_set6	IT071	LB	10		tube	Aerobic	Liquid	200 rpm														
pseudo5_N2C3_1	set6IT072	LB 20C	10/28/2014 pseudo5_N2-C3_1_ML2_set6	240	2711919	18486	1588672	1586286	202	900	305.466204506066	0.101521748936042	0.159959897237505	0.954901095514211	0.925907708236292	0.126051385280844	0.0264260312264601	0.0188639620129064	1.8236292297109	temperature	LB 20C	pseudo5_N2-C3_1_ML2	Jayashree	10/28/2014	pseudo5_N2-C3_1_ML2_set6	IT072	LB	20		tube	Aerobic	Liquid	200 rpm														
pseudo5_N2C3_1	set6IT073	LB 20C	10/28/2014 pseudo5_N2-C3_1_ML2_set6	241	2450749	16933	1437815	1435714	181	900	276.471018678991	0.123607797986475	0.165525827817962	0.9404576033984	0.925907708236292	0.138180730788706	0.0096390405394921	0.0153909181107108	1.90181135493701	temperature	LB 20C	pseudo5_N2-C3_1_ML2	Jayashree	10/28/2014	pseudo5_N2-C3_1_ML2_set6	IT073	LB	20		tube	Aerobic	Liquid	200 rpm														
pseudo5_N2C3_1	set6IT074	LB 30C	10/28/2014 pseudo5_N2-C3_1_ML2_set6	242	2113669	13823	1240473	1238385	160	900	238.471981513576	0.163172335061096	0.165333136865748	0.939852883141144	0.925907708236292	0.147964989523738	0.00997707287932481	0.0158466973988421	3.05260339548791	temperature	LB 30C	pseudo5_N2-C3_1_ML2	Jayashree	10/28/2014	pseudo5_N2-C3_1_ML2_set6	IT074	LB	30		tube	Aerobic	Liquid	200 rpm														
pseudo5_N2C3_1	set6IT075	LB 30C	10/28/2014 pseudo5_N2-C3_1_ML2_set6	243	2316784	15558	1360200	1357907	174	900	261.487964567687	0.141040714490373	0.176907881114138	0.943416471633632	0.925907708236292	0.119435468363154	-0.0174275428380993	0.0151632103431177	3.28975339687771	temperature	LB 30C	pseudo5_N2-C3_1_ML2	Jayashree	10/28/2014	pseudo5_N2-C3_1_ML2_set6	IT075	LB	30		tube	Aerobic	Liquid	200 rpm														
pseudo5_N2C3_1	set6IT076	LB 37C	10/28/2014 pseudo5_N2-C3_1_ML2_set6	244	2911883	19050	1712283	1709285	222	900	329.151742730599	0.134229098959967	0.154772527324479	0.936625312705262	0.925907708236292	0.124435276578335	0.0301163329520181	0.0163357230999964	1.36345186216451	temperature	LB 37C	pseudo5_N2-C3_1_ML2	Jayashree	10/28/2014	pseudo5_N2-C3_1_ML2_set6	IT076	LB	37		tube	Aerobic	Liquid	200 rpm														
pseudo5_N2C3_1	set6IT077	LB 37C	10/28/2014 pseudo5_N2-C3_1_ML2_set6	245	2680059	17241	1575721	1572893	204	900	302.887155786636	0.150476797059496	0.164029214149983	0.934658315075269	0.925907708236292	0.106298286213508	0.0325534445067117	0.00978322086765766	0.956931982016141	temperature	LB 37C	pseudo5_N2-C3_1_ML2	Jayashree	10/28/2014	pseudo5_N2-C3_1_ML2_set6	IT077	LB	37		tube	Aerobic	Liquid	200 rpm														
pseudo5_N2C3_1	set6IT078	Minimal media pH6	10/28/2014 pseudo5_N2-C3_1_ML2_set6	246	2813199	14459	1656959	1654293	208	900	318.562102830734	0.301591409365768	0.169862204324637	0.937650361171781	0.925907708236292	0.25009308652593	0.0560452468513726	0.00551728552311709	1.79776194143663	pH	Minimal media pH6	pseudo5_N2-C3_1_ML2	Jayashree	10/28/2014	pseudo5_N2-C3_1_ML2_set6	IT078	RCH2_defined_glucose_MES	25	6	48 well microplate; Tecan Infinite F200	Aerobic	Liquid	orbital														
pseudo5_N2C3_1	set6IT079	Minimal media pH6	10/28/2014 pseudo5_N2-C3_1_ML2_set6	247	2926655	19374	1718946	1715111	216	900	330.273637589062	0.281558590612405	0.181683295245271	0.959204193661695	0.925907708236292	0.254539760224421	0.032573079626268	0.0113767190944958	1.46714550030308	pH	Minimal media pH6	pseudo5_N2-C3_1_ML2	Jayashree	10/28/2014	pseudo5_N2-C3_1_ML2_set6	IT079	RCH2_defined_glucose_MES	25	6	48 well microplate; Tecan Infinite F200	Aerobic	Liquid	orbital														
pseudo5_N2C3_1	set6IT080	Minimal media pH7	10/28/2014 pseudo5_N2-C3_1_ML2_set6	248	2609183	12816	1535757	1533207	194	900	295.244945118429	0.219522573560893	0.169512480146553	0.951794396619063	0.925907708236292	0.176937936067228	-0.00275861299485201	-0.0145908400395436	1.29476794802003	pH	Minimal media pH7	pseudo5_N2-C3_1_ML2	Jayashree	10/28/2014	pseudo5_N2-C3_1_ML2_set6	IT080	RCH2_defined_glucose	25	7	48 well microplate; Tecan Infinite F200	Aerobic	Liquid	orbital														
pseudo5_N2C3_1	set6IT081	Minimal media pH7	10/28/2014 pseudo5_N2-C3_1_ML2_set6	249	2409908	10964	1417042	1414666	178	900	272.417870209898	0.206447425848559	0.175143521659111	0.938453566464807	0.925907708236292	0.183079417846277	0.0450167036867368	-0.0144829173949628	1.26029375390088	pH	Minimal media pH7	pseudo5_N2-C3_1_ML2	Jayashree	10/28/2014	pseudo5_N2-C3_1_ML2_set6	IT081	RCH2_defined_glucose	25	7	48 well microplate; Tecan Infinite F200	Aerobic	Liquid	orbital														
pseudo5_N2C3_1	set6IT082	Minimal media pH8	10/28/2014 pseudo5_N2-C3_1_ML2_set6	250	2707269	13369	1595630	1592836	202	900	306.72751781244	0.200259795355334	0.173207025023368	0.959358015502654	0.925907708236292	0.221279992731836	0.0679768973484076	0.00457346218746522	2.49187656856562	pH	Minimal media pH8	pseudo5_N2-C3_1_ML2	Jayashree	10/28/2014	pseudo5_N2-C3_1_ML2_set6	IT082	RCH2_defined_glucose_TAPS	25	8	48 well microplate; Tecan Infinite F200	Aerobic	Liquid	orbital														
pseudo5_N2C3_1	set6IT083	Minimal media pH8	10/28/2014 pseudo5_N2-C3_1_ML2_set6	251	1713630	11367	1007052	1005563	129	900	193.63816676295	0.189312721018257	0.216051248525353	0.944681666607917	0.925907708236292	0.194359189073136	0.0304787307620144	0.000824079792070145	2.13644655715276	pH	Minimal media pH8	pseudo5_N2-C3_1_ML2	Jayashree	10/28/2014	pseudo5_N2-C3_1_ML2_set6	IT083	RCH2_defined_glucose_TAPS	25	8	48 well microplate; Tecan Infinite F200	Aerobic	Liquid	orbital														
pseudo5_N2C3_1	set6IT085	Minimal media pH9	10/28/2014 pseudo5_N2-C3_1_ML2_set6	253	1683339	10088	988844	987149	124	900	190.092239553245	0.293068610722604	0.190999223539	0.952148094020056	0.925907708236292	0.268210828518562	0.0996555920715264	0.0023298501101908	0.9980943031931	pH	Minimal media pH9	pseudo5_N2-C3_1_ML2	Jayashree	10/28/2014	pseudo5_N2-C3_1_ML2_set6	IT085	RCH2_defined_glucose_TAPS	25	9	48 well microplate; Tecan Infinite F200	Aerobic	Liquid	orbital														
pseudo5_N2C3_1	set6IT089	Nitrate reduction with yeast extract	10/28/2014 pseudo5_N2-C3_1_ML2_set6	257	1299571	10000	759265	756126	93	900	145.604852686309	0.174737602660728	0.471486961471131	1.08746284125034	0.925907708236292	0.177184645886793	0.013373255226084	0.0454145336423152	2.08524909593685	anaerobic	Nitrate reduction with yeast extract	pseudo5_N2-C3_1_ML2	Jayashree	10/28/2014	pseudo5_N2-C3_1_ML2_set6	IT089	RCH2_defined	30	7	hungate	Anaerobic	Liquid	0 rpm	Sodium nitrate	mM	30	Yeast Extract										
pseudo5_N2C3_1	set6IT090	4C survival; 24 hrs	10/28/2014 pseudo5_N2-C3_1_ML2_set6	258	1806229	11635	1060349	1058581	135	900	203.84767956865	0.132362860497489	0.167871857124244	0.929592038268927	0.925907708236292	0.0991105213770564	-0.0018498484900297	0.0313776516621669	1.85828754833307	survival	4C survival; 24 hrs	pseudo5_N2-C3_1_ML2	Jayashree	10/28/2014	pseudo5_N2-C3_1_ML2_set6	IT090	LB	30		tube	Aerobic	Liquid	200 rpm														
pseudo5_N2C3_1	set6IT091	4C survival; 192 hrs	10/28/2014 pseudo5_N2-C3_1_ML2_set6	259	1177908	6962	689599	688385	86	900	132.560177161564	0.231083230836858	0.21832555398744	0.93716649446279	0.925907708236292	0.204733619425189	0.0522851247584785	0.062075797332522	4.10144759843875	survival	4C survival; 192 hrs	pseudo5_N2-C3_1_ML2	Jayashree	10/28/2014	pseudo5_N2-C3_1_ML2_set6	IT091	LB	30		tube	Aerobic	Liquid	200 rpm														
pseudo5_N2C3_1	set6IT092	4C survival; 360 hrs	10/28/2014 pseudo5_N2-C3_1_ML2_set6	260	949364	5598	554890	553914	69	900	106.665511265165	0.255542600908424	0.240433759800613	0.951892342370348	0.925907708236292	0.206579128414177	0.0133937124367141	0.0448758736623207	4.95443837530781	survival	4C survival; 360 hrs	pseudo5_N2-C3_1_ML2	Jayashree	10/28/2014	pseudo5_N2-C3_1_ML2_set6	IT092	LB	30		tube	Aerobic	Liquid	200 rpm														
pseudo5_N2C3_1	set6IT093	4C survival; 672 hrs	10/28/2014 pseudo5_N2-C3_1_ML2_set6	261	2215852	11258	1278895	1276798	122	900	245.869054496438	0.315427591187938	0.186656029597778	0.935026913714073	0.925907708236292	0.277130792660202	0.0477578587918187	0.0477463756593397	9.14666185024888	survival	4C survival; 672 hrs	pseudo5_N2-C3_1_ML2	Jayashree	10/28/2014	pseudo5_N2-C3_1_ML2_set6	IT093	LB	30		tube	Aerobic	Liquid	200 rpm														
pseudo5_N2C3_1	set6IT094	4C survival; 1152 hrs	10/28/2014 pseudo5_N2-C3_1_ML2_set6	262	2944561	7631	1298285	1296358	80	900	249.635663393029	0.358285269133412	0.234298843267108	0.938599455335857	0.925907708236292	0.248355210174931	0.0572775436191231	0.0261116146038218	10.6522640752643	survival	4C survival; 1152 hrs	pseudo5_N2-C3_1_ML2	Jayashree	10/28/2014	pseudo5_N2-C3_1_ML2_set6	IT094	LB	30		tube	Aerobic	Liquid	200 rpm														
